-- phpMyAdmin SQL Dump
-- version 5.2.1
-- https://www.phpmyadmin.net/
--
-- Host: 127.0.0.1
-- Generation Time: Nov 27, 2025 at 09:40 AM
-- Server version: 10.4.32-MariaDB
-- PHP Version: 8.2.12

SET SQL_MODE = "NO_AUTO_VALUE_ON_ZERO";
START TRANSACTION;
SET time_zone = "+00:00";


/*!40101 SET @OLD_CHARACTER_SET_CLIENT=@@CHARACTER_SET_CLIENT */;
/*!40101 SET @OLD_CHARACTER_SET_RESULTS=@@CHARACTER_SET_RESULTS */;
/*!40101 SET @OLD_COLLATION_CONNECTION=@@COLLATION_CONNECTION */;
/*!40101 SET NAMES utf8mb4 */;

--
-- Database: `coffee_shop`
--

-- --------------------------------------------------------

--
-- Table structure for table `customers`
--

CREATE TABLE `customers` (
  `id` int(11) NOT NULL,
  `name` varchar(100) NOT NULL,
  `email` varchar(100) DEFAULT NULL,
  `phone` varchar(20) DEFAULT NULL,
  `joined_at` timestamp NOT NULL DEFAULT current_timestamp()
) ENGINE=InnoDB DEFAULT CHARSET=utf8mb4 COLLATE=utf8mb4_general_ci;

-- --------------------------------------------------------

--
-- Table structure for table `delivery_logs`
--

CREATE TABLE `delivery_logs` (
  `id` int(11) NOT NULL,
  `supplier_id` int(11) NOT NULL,
  `product_id` varchar(10) NOT NULL,
  `quantity_received` int(11) NOT NULL,
  `delivery_date` date NOT NULL
) ENGINE=InnoDB DEFAULT CHARSET=utf8mb4 COLLATE=utf8mb4_general_ci;

--
-- Dumping data for table `delivery_logs`
--

INSERT INTO `delivery_logs` (`id`, `supplier_id`, `product_id`, `quantity_received`, `delivery_date`) VALUES
(1, 2, 'BI07', 1, '2025-11-08'),
(2, 2, 'BI07', 1, '2025-11-08'),
(3, 2, 'BI07', 1, '2025-11-08'),
(4, 3, 'BI07', 1, '2025-11-08'),
(5, 4, 'BI07', 1, '2025-11-08'),
(6, 5, 'BI07', 1, '2025-11-08'),
(7, 7, 'BI07', 1, '2025-11-08'),
(8, 8, 'BI07', 1, '2025-11-08'),
(9, 9, 'BI07', 1, '2025-11-08'),
(10, 9, 'BI07', 1, '2025-11-08'),
(11, 10, 'BI07', 1, '2025-11-08'),
(12, 12, 'BI07', 1, '2025-11-08'),
(13, 13, 'BI07', 1, '2025-11-08'),
(14, 13, 'BI07', 1, '2025-11-08'),
(15, 13, 'BI07', 1, '2025-11-08'),
(16, 13, 'BI07', 1, '2025-11-08'),
(17, 13, 'BI07', 1, '2025-11-21'),
(18, 13, 'BI07', 1, '2025-11-21'),
(19, 14, 'PW15', 2, '2025-11-22'),
(20, 14, 'PW15', 2, '2025-11-22'),
(21, 13, 'BI07', 1, '2025-11-22'),
(22, 13, 'BI07', 1, '2025-11-22'),
(23, 13, 'BI07', 1, '2025-11-22'),
(24, 13, 'BI07', 1, '2025-11-22'),
(25, 13, 'BI07', 1, '2025-11-22'),
(26, 13, 'BI07', 1, '2025-12-04');

-- --------------------------------------------------------

--
-- Table structure for table `menu_product`
--

CREATE TABLE `menu_product` (
  `product_id` varchar(10) NOT NULL,
  `product_name` varchar(100) NOT NULL,
  `category` varchar(50) NOT NULL,
  `price` decimal(10,2) NOT NULL,
  `is_available` int(11) DEFAULT 0,
  `sizes` varchar(50) DEFAULT NULL,
  `description` text DEFAULT NULL,
  `product_type` varchar(50) NOT NULL,
  `price_small` decimal(10,2) DEFAULT NULL,
  `price_medium` decimal(10,2) DEFAULT NULL,
  `price_large` decimal(10,2) DEFAULT NULL
) ENGINE=InnoDB DEFAULT CHARSET=utf8mb4 COLLATE=utf8mb4_general_ci;

--
-- Dumping data for table `menu_product`
--

INSERT INTO `menu_product` (`product_id`, `product_name`, `category`, `price`, `is_available`, `sizes`, `description`, `product_type`, `price_small`, `price_medium`, `price_large`) VALUES
('DR01', 'Taro Cheesecake Overload', 'Milktea & Signature', 120.00, 0, NULL, NULL, 'finished_drink', 120.00, 140.00, 160.00),
('DR02', 'Tiger Sugar', 'Milktea & Signature', 130.00, 0, NULL, NULL, 'finished_drink', 130.00, 150.00, 170.00),
('DR03', 'Milo Dinosheeesh', 'Milktea & Signature', 110.00, 0, NULL, NULL, 'finished_drink', 110.00, 130.00, 140.00),
('DR04', 'Strawberry Cheesecake', 'Milktea & Signature', 125.00, 0, NULL, NULL, 'finished_drink', 125.00, 145.00, 155.00),
('DR05', 'Classic Milktea', 'Classic Milktea Series', 100.00, 0, '16oz/22oz/1L', NULL, 'finished_drink', 100.00, 120.00, 180.00),
('DR06', 'Belgian Dark Chocolate', 'Classic Milktea Series', 110.00, 0, '16oz/22oz/1L', NULL, 'finished_drink', 110.00, 130.00, 200.00),
('DR07', 'Belgian Chocolate', 'Classic Milktea Series', 110.00, 0, '16oz/22oz/1L', NULL, 'finished_drink', 110.00, 130.00, 150.00),
('DR08', 'Red Velvet', 'Classic Milktea Series', 115.00, 0, '16oz/22oz/1L', NULL, 'finished_drink', 115.00, 135.00, 210.00),
('DR09', 'Roasted Watermelon', 'Classic Milktea Series', 120.00, 0, '16oz/22oz/1L', NULL, 'finished_drink', 120.00, 140.00, 220.00),
('DR10', 'Toffee Caramel', 'Classic Milktea Series', 115.00, 0, '16oz/22oz/1L', NULL, 'finished_drink', 115.00, 135.00, 210.00),
('DR11', 'Coffee Caramel', 'Classic Milktea Series', 120.00, 0, '16oz/22oz/1L', NULL, 'finished_drink', 120.00, 140.00, 220.00),
('DR12', 'Java Chip', 'Classic Milktea Series', 125.00, 0, '16oz/22oz/1L', NULL, 'finished_drink', 125.00, 145.00, 230.00),
('DR13', 'Salted Caramel', 'Classic Milktea Series', 120.00, 0, '16oz/22oz/1L', NULL, 'finished_drink', 120.00, 140.00, 220.00),
('DR14', 'Cheesecake', 'Classic Milktea Series', 115.00, 0, '16oz/22oz/1L', NULL, 'finished_drink', 115.00, 135.00, 210.00),
('DR15', 'Okinawa', 'Classic Milktea Series', 110.00, 0, '16oz/22oz/1L', NULL, 'finished_drink', 110.00, 130.00, 200.00),
('DR16', 'Dark Mocha', 'Classic Milktea Series', 120.00, 0, '16oz/22oz/1L', NULL, 'finished_drink', 120.00, 140.00, 220.00),
('DR17', 'Cookies & Cream', 'Classic Milktea Series', 125.00, 0, '16oz/22oz/1L', NULL, 'finished_drink', 125.00, 145.00, 230.00),
('DR18', 'PRM Belgian Dark Chocolate', 'Premium Milktea', 130.00, 0, '16oz/22oz/1L', NULL, 'finished_drink', 130.00, 150.00, 240.00),
('DR19', 'PRM Belgian Chocolate', 'Premium Milktea', 130.00, 0, '16oz/22oz/1L', NULL, 'finished_drink', 130.00, 150.00, 240.00),
('DR20', 'PRM Cookies & Cream', 'Premium Milktea', 135.00, 0, '16oz/22oz/1L', NULL, 'finished_drink', 135.00, 155.00, 250.00),
('DR21', 'PRM Roasted Watermelon', 'Premium Milktea', 140.00, 0, '16oz/22oz/1L', NULL, 'finished_drink', 140.00, 160.00, 260.00),
('DR22', 'PRM Cheesecake', 'Premium Milktea', 135.00, 0, '16oz/22oz/1L', NULL, 'finished_drink', 135.00, 155.00, 250.00),
('DR23', 'Matcha Dairy Boba', 'Dairy Boba', 110.00, 0, '16oz/22oz/1L', NULL, 'finished_drink', 110.00, 130.00, 200.00),
('DR24', 'Taro Dairy Boba', 'Dairy Boba', 110.00, 0, '16oz/22oz/1L', NULL, 'finished_drink', 110.00, 130.00, 200.00),
('DR25', 'Iced Americano', 'Iced Coffee Series', 80.00, 0, '16oz/22oz/1L', NULL, 'finished_drink', 80.00, 100.00, 150.00),
('DR26', 'Coffee Latte', 'Iced Coffee Series', 100.00, 0, '16oz/22oz/1L', NULL, 'finished_drink', 100.00, 120.00, 180.00),
('DR27', 'Dark Mocha Coffee', 'Iced Coffee Series', 110.00, 0, '16oz/22oz/1L', NULL, 'finished_drink', 110.00, 130.00, 200.00),
('DR28', 'Dark Choc Coffee', 'Iced Coffee Series', 120.00, 0, '16oz/22oz/1L', NULL, 'finished_drink', 120.00, 140.00, 220.00),
('DR29', 'Spanish Latte', 'Iced Coffee Series', 115.00, 0, '16oz/22oz/1L', NULL, 'finished_drink', 115.00, 135.00, 210.00),
('DR30', 'Toffee Caramel Coffee', 'Iced Coffee Series', 120.00, 0, '16oz/22oz/1L', NULL, 'finished_drink', 120.00, 140.00, 220.00),
('DR31', 'Salted Caramel Coffee', 'Iced Coffee Series', 120.00, 0, '16oz/22oz/1L', NULL, 'finished_drink', 120.00, 140.00, 220.00),
('DR32', 'Caramel Macchiato', 'Iced Coffee Series', 125.00, 0, NULL, NULL, 'finished_drink', 125.00, 145.00, 155.00),
('DR33', 'Hazelnut Coffee', 'Iced Coffee Series', 120.00, 0, NULL, NULL, 'finished_drink', 120.00, 140.00, 150.00),
('DR34', 'Vanilla Latte', 'Iced Coffee Series', 120.00, 0, NULL, NULL, 'finished_drink', 120.00, 140.00, 160.00),
('DR35', 'Cookie Crumble Coffee', 'Coffee & Matcha Frappe', 140.00, 0, '16oz/22oz/1L', NULL, 'finished_drink', 140.00, 160.00, 250.00),
('DR36', 'Matcha Coffee Frappe', 'Coffee & Matcha Frappe', 130.00, 0, '16oz/22oz/1L', NULL, 'finished_drink', 130.00, 150.00, 240.00),
('DR37', 'Cheesecake Coffee Frappe', 'Coffee & Matcha Frappe', 135.00, 0, '16oz/22oz/1L', NULL, 'finished_drink', 135.00, 155.00, 250.00),
('DR38', 'Taro Latte', 'Latte Series (Non-Coffee)', 110.00, 0, NULL, NULL, 'finished_drink', 110.00, 130.00, 150.00),
('DR39', 'Creamy Matcha', 'Latte Series (Non-Coffee)', 115.00, 0, NULL, NULL, 'finished_drink', 115.00, 135.00, 145.00),
('DR40', 'Cafe Con Leche', 'Latte Series (Non-Coffee)', 100.00, 0, NULL, NULL, 'finished_drink', 100.00, 120.00, 130.00),
('DR41', 'Blueberry Fruit Tea', 'Fruit Tea', 90.00, 0, NULL, NULL, 'finished_drink', 90.00, 110.00, 120.00),
('DR42', 'Lemonade Fruit Tea', 'Fruit Tea', 90.00, 0, NULL, NULL, 'finished_drink', 90.00, 110.00, 120.00),
('DR43', 'Strawberry Fruit Tea', 'Fruit Tea', 95.00, 0, NULL, NULL, 'finished_drink', 95.00, 115.00, 125.00),
('DR44', 'Lychee Fruit Tea', 'Fruit Tea', 95.00, 0, NULL, NULL, 'finished_drink', 95.00, 115.00, 125.00),
('DR45', 'Green Apple Fruit Tea', 'Fruit Tea', 95.00, 0, NULL, NULL, 'finished_drink', 95.00, 115.00, 125.00),
('DR46', 'Lychee Soda', 'Soda Pop', 85.00, 0, NULL, NULL, 'finished_drink', 85.00, 105.00, 125.00),
('DR47', 'Green Apple Soda', 'Soda Pop', 85.00, 0, NULL, NULL, 'finished_drink', 85.00, 105.00, 125.00),
('DR48', 'Blueberry Soda', 'Soda Pop', 85.00, 0, NULL, NULL, 'finished_drink', 85.00, 105.00, 115.00),
('DR49', 'Strawberry Soda', 'Soda Pop', 85.00, 0, NULL, NULL, 'finished_drink', 85.00, 105.00, 115.00),
('DR50', 'Dark Mocha Frappe', 'Coffee Frappe', 140.00, 0, '16oz/22oz/1L', NULL, 'finished_drink', 140.00, 160.00, 250.00),
('DR51', 'Javachip Frappe', 'Coffee Frappe', 145.00, 0, '16oz/22oz/1L', NULL, 'finished_drink', 145.00, 165.00, 260.00),
('DR52', 'Chocolate Frappe', 'Coffee Frappe', 140.00, 0, '16oz/22oz/1L', NULL, 'finished_drink', 140.00, 160.00, 250.00),
('DR53', 'Caramel Frappe', 'Coffee Frappe', 140.00, 0, '16oz/22oz/1L', NULL, 'finished_drink', 140.00, 160.00, 250.00),
('DR54', 'Red Velvet Frappe', 'Coffee Frappe', 145.00, 0, '16oz/22oz/1L', NULL, 'finished_drink', 145.00, 165.00, 260.00),
('DR55', 'Belgian Chocolate Frappe', 'Coffee Frappe', 145.00, 0, '16oz/22oz/1L', NULL, 'finished_drink', 145.00, 165.00, 260.00),
('DR56', 'Strawberry Jam Frappe', 'Cream Based Frappe', 150.00, 0, '16oz/22oz/1L', NULL, 'finished_drink', 150.00, 170.00, 270.00),
('DR57', 'Dark Mocha Mint Frappe', 'Cream Based Frappe', 155.00, 0, '16oz/22oz/1L', NULL, 'finished_drink', 155.00, 175.00, 280.00),
('DR58', 'Cookie Crumble Frappe', 'Cream Based Frappe', 160.00, 0, '16oz/22oz/1L', NULL, 'finished_drink', 160.00, 180.00, 290.00),
('DR59', 'Cookies and Cream Frappe', 'Cream Based Frappe', 160.00, 0, '16oz/22oz/1L', NULL, 'finished_drink', 160.00, 180.00, 290.00),
('DR60', 'Taro Cheesecake Frappe', 'Cream Based Frappe', 155.00, 0, '16oz/22oz/1L', NULL, 'finished_drink', 155.00, 175.00, 280.00),
('DR61', 'Choco Butternut', 'Signature Milktea (Non-Coffee)', 140.00, 0, NULL, NULL, 'finished_drink', 140.00, 160.00, 180.00),
('DR62', 'Caramel Buttercake', 'Signature Milktea (Non-Coffee)', 135.00, 0, NULL, NULL, 'finished_drink', 135.00, 155.00, 165.00),
('DR63', 'Oreo Strawberry Cheesecake', 'Signature Milktea (Non-Coffee)', 145.00, 0, NULL, NULL, 'finished_drink', 145.00, 165.00, 185.00),
('DR64', 'Hot Americano', 'Hot Drinks', 70.00, 0, NULL, NULL, 'finished_drink', 70.00, 80.00, 90.00),
('DR65', 'Hot Watermelon', 'Hot Drinks', 90.00, 0, NULL, NULL, 'finished_drink', 90.00, 100.00, 110.00),
('DR66', 'Hot Dark Chocolate', 'Hot Drinks', 100.00, 0, NULL, NULL, 'finished_drink', 100.00, 110.00, 120.00),
('DR67', 'Hot Purple Yam Latte', 'Hot Drinks', 110.00, 0, NULL, NULL, 'finished_drink', 110.00, 120.00, 130.00),
('DR68', 'Hot Caramel Macchiato', 'Hot Drinks', 120.00, 0, NULL, NULL, 'finished_drink', 120.00, 130.00, 140.00),
('DR69', 'Hot Hazelnut Coffee', 'Hot Drinks', 115.00, 0, NULL, NULL, 'finished_drink', 115.00, 125.00, 135.00),
('DR70', 'Hot Vanilla Latte', 'Hot Drinks', 115.00, 0, NULL, NULL, 'finished_drink', 115.00, 125.00, 135.00),
('DR71', 'Hot Spanish Latte', 'Hot Drinks', 110.00, 0, NULL, NULL, 'finished_drink', 110.00, 120.00, 130.00);

-- --------------------------------------------------------

--
-- Table structure for table `products`
--

CREATE TABLE `products` (
  `id` varchar(10) NOT NULL,
  `name` varchar(100) NOT NULL,
  `category` varchar(50) DEFAULT NULL,
  `price` decimal(10,2) NOT NULL,
  `stock` int(11) NOT NULL DEFAULT 0,
  `content` varchar(50) DEFAULT NULL,
  `total_content_stock` decimal(10,2) DEFAULT NULL,
  `measurement_unit` varchar(20) DEFAULT NULL,
  `conversion_rate` decimal(10,4) DEFAULT 1.0000
) ENGINE=InnoDB DEFAULT CHARSET=utf8mb4 COLLATE=utf8mb4_general_ci;

--
-- Dumping data for table `products`
--

INSERT INTO `products` (`id`, `name`, `category`, `price`, `stock`, `content`, `total_content_stock`, `measurement_unit`, `conversion_rate`) VALUES
('BI01', 'Blended Beans', 'Basic Ingredient', 360.00, 4, '1000 G', 4990.00, 'g', 1.0000),
('BI02', 'Non-Dairy Creamer', 'Basic Ingredient', 800.00, 5, '25000 G', 125000.00, 'g', 1.0000),
('BI03', 'Non-Dairy Creamer', 'Basic Ingredient', 160.00, 9, '1000 G', 9950.00, 'g', 1.0000),
('BI04', 'Taiwan Brown Sugar Pearl', 'Basic Ingredient', 200.00, 9, '1000 G', 9960.00, 'g', 1.0000),
('BI05', 'Fructose Sugar', 'Basic Ingredient', 300.00, 10, '25000 G', 250000.00, 'g', 1.0000),
('BI06', 'Fructose Sugar', 'Basic Ingredient', 200.00, 9, '1000 ML', 9860.00, 'ml', 1.0000),
('BI07', 'Assam Black Tea', 'Basic Ingredient', 200.00, 9, '600 G', 5400.00, 'g', 1.0000),
('BI08', 'Jasmine Tea', 'Basic Ingredient', 300.00, 10, '600 G', 6000.00, 'g', 1.0000),
('BI09', 'Water', 'Basic Ingredient', 50.00, 1, '20 L', 20000.00, 'ml', 1.0000),
('BI10', 'Ice', 'Basic Ingredient', 120.00, 1, '25 KG', 25000.00, 'g', 1.0000),
('BI11', 'Hot Water', 'Basic Ingredient', 100.00, 0, '10 L', 9750.00, 'ml', 1.0000),
('BI12', 'Crushed Ice', 'Basic Ingredient', 120.00, 1, '20 KG', 20000.00, 'g', 1.0000),
('CL01', 'Double Wall Cups 12 oz w/ Lid', 'Cups and Lids', 500.00, 5, '100 PCS', 500.00, 'pc', 1.0000),
('CL02', 'PP Cups 1 L BB w/ Lid', 'Cups and Lids', 600.00, 5, '100 PCS', 500.00, 'pc', 1.0000),
('CL03', 'Single Wall Cups 16 oz BB', 'Cups and Lids', 500.00, 4, '100 PCS', 496.00, 'pc', 1.0000),
('CL04', 'Single Wall Cups 22oz BB', 'Cups and Lids', 550.00, 5, '100 PCS', 500.00, 'pc', 1.0000),
('CL05', 'U Cups 16 oz BB', 'Cups and Lids', 500.00, 5, '100 PCS', 500.00, 'pc', 1.0000),
('CL06', 'U cups 22oz BB', 'Cups and Lids', 550.00, 5, '100 PCS', 500.00, 'pc', 1.0000),
('CL07', 'Single Wall Cups 1 L BB w/ Lid', 'Cups and Lids', 650.00, 5, '100 PCS', 500.00, 'pc', 1.0000),
('CL08', 'Dome Lid 90mm', 'Cups and Lids', 300.00, 5, '100 PCS', 500.00, 'pc', 1.0000),
('CL09', 'Dome Lid 95 mm', 'Cups and Lids', 350.00, 5, '100 PCS', 500.00, 'pc', 1.0000),
('CL10', 'Flat Lid 95mm', 'Cups and Lids', 300.00, 4, '100 PCS', 496.00, 'pc', 1.0000),
('CL11', 'Boba Straw', 'Cups and Lids', 300.00, 4, '100 PCS', 496.00, 'pc', 1.0000),
('CL12', 'Thin Straw', 'Cups and Lids', 200.00, 5, '100 PCS', 500.00, 'pc', 1.0000),
('OP01', 'Dynamite', 'Outsource Products', 15.00, 50, '1 PCS', 50.00, 'pc', 1.0000),
('OP02', 'Sprite/Solo', 'Outsource Products', 15.00, 24, '1 PCS', 24.00, 'pc', 1.0000),
('OP03', 'Mismo', 'Outsource Products', 15.00, 24, '1 PCS', 24.00, 'pc', 1.0000),
('OS01', 'Whipcream Charger Mosa', 'Other Supplies', 500.00, 5, '10 PCS', 50.00, 'pc', 1.0000),
('OS02', 'Whipcream Paste', 'Other Supplies', 500.00, 5, '1000 G', 5000.00, 'g', 1.0000),
('OS03', 'Fullcream Milk', 'Other Supplies', 150.00, 5, '1000 ML', 5000.00, 'ml', 1.0000),
('OS04', 'Double Take Out Plastic', 'Other Supplies', 300.00, 5, '100 PCS', 500.00, 'pc', 1.0000),
('OS05', 'Single Take Out Plastic', 'Other Supplies', 300.00, 5, '100 PCS', 500.00, 'pc', 1.0000),
('OS06', 'Sealing Film', 'Other Supplies', 1000.00, 3, '1 ROLLS', 3.00, 'roll', 1.0000),
('OS07', 'Crushed Oreo', 'Other Supplies', 250.00, 5, '1000 G', 5000.00, 'g', 1.0000),
('OS08', 'Condensed Milk', 'Other Supplies', 120.00, 5, '1000 ML', 5000.00, 'ml', 1.0000),
('OS09', 'Crushed Graham', 'Other Supplies', 300.00, 5, '1000 G', 5000.00, 'g', 1.0000),
('OS10', 'Cinnamon Ground', 'Other Supplies', 200.00, 5, '1000 G', 5000.00, 'g', 1.0000),
('OS11', 'Nutmeg', 'Other Supplies', 250.00, 5, '1000 G', 5000.00, 'g', 1.0000),
('OS12', 'Caramel Drizzle', 'Other Supplies', 300.00, 5, '1000 ML', 5000.00, 'ml', 1.0000),
('OS13', 'Finished Oreo', 'Other Supplies', 300.00, 5, '1000 G', 5000.00, 'g', 1.0000),
('OS14', 'Oreo Dust', 'Other Supplies', 300.00, 5, '1000 G', 5000.00, 'g', 1.0000),
('PW01', 'Belgian Chocolate', 'Powders', 300.00, 5, '1000 G', 5980.00, 'g', 1.0000),
('PW02', 'Belgian Dark Chocolate', 'Powders', 300.00, 4, '1000 G', 4000.00, 'g', 1.0000),
('PW03', 'Cheesecake Flavor', 'Powders', 400.00, 5, '1000 G', 5000.00, 'g', 1.0000),
('PW04', 'Cheesecake Powder (Walling)', 'Powders', 400.00, 5, '1000 G', 5000.00, 'g', 1.0000),
('PW05', 'Cookies & Cream', 'Powders', 300.00, 5, '1000 G', 5000.00, 'g', 1.0000),
('PW06', 'Dark Mocha', 'Powders', 400.00, 5, '1000 G', 5000.00, 'g', 1.0000),
('PW07', 'Java Chips', 'Powders', 300.00, 5, '1000 G', 5000.00, 'g', 1.0000),
('PW08', 'Matcha', 'Powders', 400.00, 5, '1000 G', 5000.00, 'g', 1.0000),
('PW09', 'Okinawa', 'Powders', 300.00, 3, '1000 G', 3000.00, 'g', 1.0000),
('PW10', 'Red Velvet', 'Powders', 300.00, 5, '1000 G', 5000.00, 'g', 1.0000),
('PW11', 'Salted Caramel', 'Powders', 300.00, 5, '1000 G', 5000.00, 'g', 1.0000),
('PW12', 'Strawberry', 'Powders', 300.00, 5, '1000 G', 5000.00, 'g', 1.0000),
('PW13', 'Taro', 'Powders', 400.00, 5, '1000 G', 5000.00, 'g', 1.0000),
('PW14', 'Banana', 'Powders', 300.00, 5, '1000 G', 5000.00, 'g', 1.0000),
('PW15', 'Avocado', 'Powders', 300.00, 9, '1000 G', 9995.00, 'g', 1.0000),
('PW16', 'Toffee Caramel', 'Powders', 300.00, 5, '1000 G', 5000.00, 'g', 1.0000),
('SK01', 'Coffee Jelly', 'Sinkers', 700.00, 3, '4000 G', 12000.00, 'g', 1.0000),
('SK02', 'Nata', 'Sinkers', 500.00, 5, '4000 G', 20000.00, 'g', 1.0000),
('SY01', 'Caramel Sauce', 'Syrup', 350.00, 5, '2000 G', 10000.00, 'g', 1.0000),
('SY02', 'Blueberry', 'Syrup', 300.00, 5, '1000 ML', 5000.00, 'ml', 1.0000),
('SY03', 'Green Apple', 'Syrup', 400.00, 5, '1000 ML', 5000.00, 'ml', 1.0000),
('SY04', 'Lychee', 'Syrup', 400.00, 4, '1000 ML', 4000.00, 'ml', 1.0000),
('SY05', 'Lychee', 'Syrup', 400.00, 4, '1000 ML', 4000.00, 'ml', 1.0000),
('SY06', 'Strawberry', 'Syrup', 400.00, 5, '1000 ML', 5000.00, 'ml', 1.0000),
('SY07', 'Molasses', 'Syrup', 300.00, 5, '1000 ML', 5000.00, 'ml', 1.0000),
('SY08', 'Caramel 700 ml', 'Syrup', 300.00, 4, '700 ML', 3460.00, 'ml', 1.0000),
('SY09', 'Hazelnut', 'Syrup', 400.00, 5, '700 ML', 3500.00, 'ml', 1.0000),
('SY10', 'Vanilla', 'Syrup', 300.00, 5, '700 ML', 3500.00, 'ml', 1.0000),
('SY11', 'Hazelnut', 'Syrup', 400.00, 5, '1000 ML', 5000.00, 'ml', 1.0000),
('SY12', 'Wintermelon', 'Syrup', 300.00, 5, '1000 ML', 5000.00, 'ml', 1.0000),
('SY13', 'Tiger Sugar', 'Syrup', 400.00, 3, '2500 G', 7500.00, 'g', 1.0000);

-- --------------------------------------------------------

--
-- Table structure for table `product_recipes`
--

CREATE TABLE `product_recipes` (
  `id` int(11) NOT NULL,
  `drink_product_id` varchar(10) NOT NULL,
  `size` varchar(10) NOT NULL,
  `ingredient_product_id` varchar(10) NOT NULL,
  `amount_used` decimal(10,3) NOT NULL,
  `unit` varchar(10) NOT NULL
) ENGINE=InnoDB DEFAULT CHARSET=utf8mb4 COLLATE=utf8mb4_general_ci;

--
-- Dumping data for table `product_recipes`
--

INSERT INTO `product_recipes` (`id`, `drink_product_id`, `size`, `ingredient_product_id`, `amount_used`, `unit`) VALUES
(1, 'DR01', '16oz', 'BI07', 150.000, 'ml'),
(2, 'DR01', '16oz', 'PW13', 10.000, 'g'),
(3, 'DR01', '16oz', 'BI03', 10.000, 'g'),
(4, 'DR01', '16oz', 'BI06', 20.000, 'ml'),
(5, 'DR01', '16oz', 'PW04', 10.000, 'g'),
(6, 'DR01', '16oz', 'BI04', 10.000, 'g'),
(7, 'DR01', '22oz', 'BI07', 200.000, 'ml'),
(8, 'DR01', '22oz', 'PW13', 20.000, 'g'),
(9, 'DR01', '22oz', 'BI03', 20.000, 'g'),
(10, 'DR01', '22oz', 'BI06', 30.000, 'ml'),
(11, 'DR01', '22oz', 'PW04', 20.000, 'g'),
(12, 'DR01', '22oz', 'BI04', 20.000, 'g'),
(13, 'DR02', '16oz', 'OS03', 80.000, 'ml'),
(14, 'DR02', '16oz', 'BI06', 50.000, 'ml'),
(15, 'DR02', '16oz', 'SY13', 20.000, 'ml'),
(16, 'DR02', '16oz', 'SY07', 5.000, 'ml'),
(17, 'DR02', '16oz', 'PW03', 10.000, 'g'),
(18, 'DR02', '16oz', 'BI04', 10.000, 'g'),
(19, 'DR02', '22oz', 'OS03', 100.000, 'ml'),
(20, 'DR02', '22oz', 'BI06', 50.000, 'ml'),
(21, 'DR02', '22oz', 'SY13', 25.000, 'ml'),
(22, 'DR02', '22oz', 'SY07', 5.000, 'ml'),
(23, 'DR02', '22oz', 'PW03', 20.000, 'g'),
(24, 'DR02', '22oz', 'BI04', 10.000, 'g'),
(25, 'DR03', '16oz', 'OS03', 80.000, 'ml'),
(26, 'DR03', '16oz', 'BI06', 50.000, 'ml'),
(27, 'DR03', '16oz', 'PW14', 10.000, 'g'),
(28, 'DR03', '16oz', 'SY13', 20.000, 'ml'),
(29, 'DR03', '16oz', 'SY07', 5.000, 'ml'),
(30, 'DR03', '16oz', 'PW03', 10.000, 'g'),
(31, 'DR03', '16oz', 'BI04', 10.000, 'g'),
(32, 'DR03', '22oz', 'OS03', 100.000, 'ml'),
(33, 'DR03', '22oz', 'BI06', 50.000, 'ml'),
(34, 'DR03', '22oz', 'PW14', 20.000, 'g'),
(35, 'DR03', '22oz', 'SY13', 25.000, 'ml'),
(36, 'DR03', '22oz', 'SY07', 5.000, 'ml'),
(37, 'DR03', '22oz', 'PW03', 10.000, 'g'),
(38, 'DR03', '22oz', 'BI04', 10.000, 'g'),
(39, 'DR04', '16oz', 'BI07', 150.000, 'ml'),
(40, 'DR04', '16oz', 'PW12', 10.000, 'g'),
(41, 'DR04', '16oz', 'BI03', 10.000, 'g'),
(42, 'DR04', '16oz', 'BI06', 20.000, 'ml'),
(43, 'DR04', '16oz', 'PW04', 10.000, 'g'),
(44, 'DR04', '16oz', 'SY06', 10.000, 'ml'),
(45, 'DR04', '16oz', 'BI04', 10.000, 'g'),
(46, 'DR04', '22oz', 'BI07', 200.000, 'ml'),
(47, 'DR04', '22oz', 'PW12', 15.000, 'g'),
(48, 'DR04', '22oz', 'BI03', 20.000, 'g'),
(49, 'DR04', '22oz', 'BI06', 20.000, 'ml'),
(50, 'DR04', '22oz', 'PW04', 20.000, 'g'),
(51, 'DR04', '22oz', 'SY06', 20.000, 'ml'),
(52, 'DR04', '22oz', 'BI04', 10.000, 'g'),
(53, 'DR05', '16oz', 'BI07', 150.000, 'ml'),
(54, 'DR05', '16oz', 'BI03', 10.000, 'g'),
(55, 'DR05', '16oz', 'BI06', 30.000, 'ml'),
(56, 'DR05', '16oz', 'BI04', 10.000, 'g'),
(57, 'DR05', '22oz', 'BI07', 200.000, 'ml'),
(58, 'DR05', '22oz', 'BI03', 20.000, 'g'),
(59, 'DR05', '22oz', 'BI06', 40.000, 'ml'),
(60, 'DR05', '22oz', 'BI04', 10.000, 'g'),
(61, 'DR05', '1L', 'BI07', 350.000, 'ml'),
(62, 'DR05', '1L', 'BI03', 30.000, 'g'),
(63, 'DR05', '1L', 'BI06', 50.000, 'ml'),
(64, 'DR05', '1L', 'BI04', 20.000, 'g'),
(65, 'DR06', '16oz', 'BI07', 150.000, 'ml'),
(66, 'DR06', '16oz', 'PW02', 5.000, 'g'),
(67, 'DR06', '16oz', 'BI03', 10.000, 'g'),
(68, 'DR06', '16oz', 'BI06', 30.000, 'ml'),
(69, 'DR06', '16oz', 'BI04', 10.000, 'g'),
(70, 'DR06', '22oz', 'BI07', 200.000, 'ml'),
(71, 'DR06', '22oz', 'PW02', 10.000, 'g'),
(72, 'DR06', '22oz', 'BI03', 20.000, 'g'),
(73, 'DR06', '22oz', 'BI06', 40.000, 'ml'),
(74, 'DR06', '22oz', 'BI04', 10.000, 'g'),
(75, 'DR06', '1L', 'BI07', 350.000, 'ml'),
(76, 'DR06', '1L', 'PW02', 20.000, 'g'),
(77, 'DR06', '1L', 'BI03', 20.000, 'g'),
(78, 'DR06', '1L', 'BI06', 50.000, 'ml'),
(79, 'DR06', '1L', 'BI04', 20.000, 'g'),
(80, 'DR07', '16oz', 'BI07', 150.000, 'ml'),
(81, 'DR07', '16oz', 'PW01', 5.000, 'g'),
(82, 'DR07', '16oz', 'BI03', 10.000, 'g'),
(83, 'DR07', '16oz', 'BI06', 30.000, 'ml'),
(84, 'DR07', '16oz', 'BI04', 10.000, 'g'),
(85, 'DR07', '22oz', 'BI07', 200.000, 'ml'),
(86, 'DR07', '22oz', 'PW01', 10.000, 'g'),
(87, 'DR07', '22oz', 'BI03', 20.000, 'g'),
(88, 'DR07', '22oz', 'BI06', 40.000, 'ml'),
(89, 'DR07', '22oz', 'BI04', 10.000, 'g'),
(90, 'DR07', '1L', 'BI07', 350.000, 'ml'),
(91, 'DR07', '1L', 'PW01', 20.000, 'g'),
(92, 'DR07', '1L', 'BI03', 20.000, 'g'),
(93, 'DR07', '1L', 'BI06', 50.000, 'ml'),
(94, 'DR07', '1L', 'BI04', 20.000, 'g'),
(95, 'DR08', '16oz', 'BI07', 150.000, 'ml'),
(96, 'DR08', '16oz', 'PW10', 5.000, 'g'),
(97, 'DR08', '16oz', 'BI03', 10.000, 'g'),
(98, 'DR08', '16oz', 'BI06', 30.000, 'ml'),
(99, 'DR08', '16oz', 'BI04', 10.000, 'g'),
(100, 'DR08', '22oz', 'BI07', 200.000, 'ml'),
(101, 'DR08', '22oz', 'PW10', 10.000, 'g'),
(102, 'DR08', '22oz', 'BI03', 20.000, 'g'),
(103, 'DR08', '22oz', 'BI06', 40.000, 'ml'),
(104, 'DR08', '22oz', 'BI04', 10.000, 'g'),
(105, 'DR08', '1L', 'BI07', 350.000, 'ml'),
(106, 'DR08', '1L', 'PW10', 20.000, 'g'),
(107, 'DR08', '1L', 'BI03', 20.000, 'g'),
(108, 'DR08', '1L', 'BI06', 50.000, 'ml'),
(109, 'DR08', '1L', 'BI04', 20.000, 'g'),
(110, 'DR09', '16oz', 'BI07', 150.000, 'ml'),
(111, 'DR09', '16oz', 'SY12', 10.000, 'ml'),
(112, 'DR09', '16oz', 'BI03', 10.000, 'g'),
(113, 'DR09', '16oz', 'BI06', 30.000, 'ml'),
(114, 'DR09', '16oz', 'BI04', 10.000, 'g'),
(115, 'DR09', '22oz', 'BI07', 200.000, 'ml'),
(116, 'DR09', '22oz', 'SY12', 20.000, 'ml'),
(117, 'DR09', '22oz', 'BI03', 20.000, 'g'),
(118, 'DR09', '22oz', 'BI06', 40.000, 'ml'),
(119, 'DR09', '22oz', 'BI04', 10.000, 'g'),
(120, 'DR09', '1L', 'BI07', 350.000, 'ml'),
(121, 'DR09', '1L', 'SY12', 20.000, 'ml'),
(122, 'DR09', '1L', 'BI03', 20.000, 'g'),
(123, 'DR09', '1L', 'BI06', 50.000, 'ml'),
(124, 'DR09', '1L', 'BI04', 20.000, 'g'),
(125, 'DR10', '16oz', 'BI07', 150.000, 'ml'),
(126, 'DR10', '16oz', 'PW16', 5.000, 'g'),
(127, 'DR10', '16oz', 'BI03', 10.000, 'g'),
(128, 'DR10', '16oz', 'BI06', 30.000, 'ml'),
(129, 'DR10', '16oz', 'BI04', 10.000, 'g'),
(130, 'DR10', '22oz', 'BI07', 200.000, 'ml'),
(131, 'DR10', '22oz', 'PW16', 10.000, 'g'),
(132, 'DR10', '22oz', 'BI03', 20.000, 'g'),
(133, 'DR10', '22oz', 'BI06', 40.000, 'ml'),
(134, 'DR10', '22oz', 'BI04', 10.000, 'g'),
(135, 'DR10', '1L', 'BI07', 350.000, 'ml'),
(136, 'DR10', '1L', 'PW16', 20.000, 'g'),
(137, 'DR10', '1L', 'BI03', 20.000, 'g'),
(138, 'DR10', '1L', 'BI06', 50.000, 'ml'),
(139, 'DR10', '1L', 'BI04', 20.000, 'g'),
(140, 'DR11', '16oz', 'BI07', 150.000, 'ml'),
(141, 'DR11', '16oz', 'PW16', 5.000, 'g'),
(142, 'DR11', '16oz', 'BI03', 10.000, 'g'),
(143, 'DR11', '16oz', 'BI06', 30.000, 'ml'),
(144, 'DR11', '16oz', 'BI04', 10.000, 'g'),
(145, 'DR11', '22oz', 'BI07', 200.000, 'ml'),
(146, 'DR11', '22oz', 'PW16', 10.000, 'g'),
(147, 'DR11', '22oz', 'BI03', 20.000, 'g'),
(148, 'DR11', '22oz', 'BI06', 40.000, 'ml'),
(149, 'DR11', '22oz', 'BI04', 10.000, 'g'),
(150, 'DR11', '1L', 'BI07', 350.000, 'ml'),
(151, 'DR11', '1L', 'PW16', 20.000, 'g'),
(152, 'DR11', '1L', 'BI03', 20.000, 'g'),
(153, 'DR11', '1L', 'BI06', 50.000, 'ml'),
(154, 'DR11', '1L', 'BI04', 20.000, 'g'),
(155, 'DR12', '16oz', 'BI07', 150.000, 'ml'),
(156, 'DR12', '16oz', 'PW07', 10.000, 'g'),
(157, 'DR12', '16oz', 'BI03', 10.000, 'g'),
(158, 'DR12', '16oz', 'BI06', 30.000, 'ml'),
(159, 'DR12', '16oz', 'BI04', 10.000, 'g'),
(160, 'DR12', '22oz', 'BI07', 200.000, 'ml'),
(161, 'DR12', '22oz', 'PW07', 20.000, 'g'),
(162, 'DR12', '22oz', 'BI03', 20.000, 'g'),
(163, 'DR12', '22oz', 'BI06', 40.000, 'ml'),
(164, 'DR12', '22oz', 'BI04', 10.000, 'g'),
(165, 'DR12', '1L', 'BI07', 350.000, 'ml'),
(166, 'DR12', '1L', 'PW07', 20.000, 'g'),
(167, 'DR12', '1L', 'BI03', 20.000, 'g'),
(168, 'DR12', '1L', 'BI06', 50.000, 'ml'),
(169, 'DR12', '1L', 'BI04', 20.000, 'g'),
(170, 'DR13', '16oz', 'BI07', 150.000, 'ml'),
(171, 'DR13', '16oz', 'PW11', 5.000, 'g'),
(172, 'DR13', '16oz', 'BI03', 10.000, 'g'),
(173, 'DR13', '16oz', 'BI06', 30.000, 'ml'),
(174, 'DR13', '16oz', 'BI04', 10.000, 'g'),
(175, 'DR13', '22oz', 'BI07', 200.000, 'ml'),
(176, 'DR13', '22oz', 'PW11', 10.000, 'g'),
(177, 'DR13', '22oz', 'BI03', 20.000, 'g'),
(178, 'DR13', '22oz', 'BI06', 40.000, 'ml'),
(179, 'DR13', '22oz', 'BI04', 10.000, 'g'),
(180, 'DR13', '1L', 'BI07', 350.000, 'ml'),
(181, 'DR13', '1L', 'PW11', 20.000, 'g'),
(182, 'DR13', '1L', 'BI03', 20.000, 'g'),
(183, 'DR13', '1L', 'BI06', 50.000, 'ml'),
(184, 'DR13', '1L', 'BI04', 20.000, 'g'),
(185, 'DR14', '16oz', 'BI07', 150.000, 'ml'),
(186, 'DR14', '16oz', 'PW03', 5.000, 'g'),
(187, 'DR14', '16oz', 'BI03', 10.000, 'g'),
(188, 'DR14', '16oz', 'BI06', 30.000, 'ml'),
(189, 'DR14', '16oz', 'BI04', 10.000, 'g'),
(190, 'DR14', '22oz', 'BI07', 200.000, 'ml'),
(191, 'DR14', '22oz', 'PW03', 10.000, 'g'),
(192, 'DR14', '22oz', 'BI03', 20.000, 'g'),
(193, 'DR14', '22oz', 'BI06', 40.000, 'ml'),
(194, 'DR14', '22oz', 'BI04', 10.000, 'g'),
(195, 'DR14', '1L', 'BI07', 350.000, 'ml'),
(196, 'DR14', '1L', 'PW03', 20.000, 'g'),
(197, 'DR14', '1L', 'BI03', 20.000, 'g'),
(198, 'DR14', '1L', 'BI06', 50.000, 'ml'),
(199, 'DR14', '1L', 'BI04', 20.000, 'g'),
(200, 'DR15', '16oz', 'BI07', 150.000, 'ml'),
(201, 'DR15', '16oz', 'PW09', 5.000, 'g'),
(202, 'DR15', '16oz', 'BI03', 10.000, 'g'),
(203, 'DR15', '16oz', 'BI06', 30.000, 'ml'),
(204, 'DR15', '16oz', 'BI04', 10.000, 'g'),
(205, 'DR15', '22oz', 'BI07', 200.000, 'ml'),
(206, 'DR15', '22oz', 'PW09', 10.000, 'g'),
(207, 'DR15', '22oz', 'BI03', 20.000, 'g'),
(208, 'DR15', '22oz', 'BI06', 40.000, 'ml'),
(209, 'DR15', '22oz', 'BI04', 10.000, 'g'),
(210, 'DR15', '1L', 'BI07', 350.000, 'ml'),
(211, 'DR15', '1L', 'PW09', 20.000, 'g'),
(212, 'DR15', '1L', 'BI03', 20.000, 'g'),
(213, 'DR15', '1L', 'BI06', 50.000, 'ml'),
(214, 'DR15', '1L', 'BI04', 20.000, 'g'),
(215, 'DR16', '16oz', 'BI07', 150.000, 'ml'),
(216, 'DR16', '16oz', 'PW06', 5.000, 'g'),
(217, 'DR16', '16oz', 'BI03', 10.000, 'g'),
(218, 'DR16', '16oz', 'BI06', 30.000, 'ml'),
(219, 'DR16', '16oz', 'BI04', 10.000, 'g'),
(220, 'DR16', '22oz', 'BI07', 200.000, 'ml'),
(221, 'DR16', '22oz', 'PW06', 10.000, 'g'),
(222, 'DR16', '22oz', 'BI03', 20.000, 'g'),
(223, 'DR16', '22oz', 'BI06', 40.000, 'ml'),
(224, 'DR16', '22oz', 'BI04', 10.000, 'g'),
(225, 'DR16', '1L', 'BI07', 350.000, 'ml'),
(226, 'DR16', '1L', 'PW06', 20.000, 'g'),
(227, 'DR16', '1L', 'BI03', 20.000, 'g'),
(228, 'DR16', '1L', 'BI06', 50.000, 'ml'),
(229, 'DR16', '1L', 'BI04', 20.000, 'g'),
(230, 'DR17', '16oz', 'BI07', 150.000, 'ml'),
(231, 'DR17', '16oz', 'PW05', 10.000, 'g'),
(232, 'DR17', '16oz', 'BI03', 10.000, 'g'),
(233, 'DR17', '16oz', 'BI06', 30.000, 'ml'),
(234, 'DR17', '16oz', 'BI04', 10.000, 'g'),
(235, 'DR17', '22oz', 'BI07', 200.000, 'ml'),
(236, 'DR17', '22oz', 'PW05', 20.000, 'g'),
(237, 'DR17', '22oz', 'BI03', 20.000, 'g'),
(238, 'DR17', '22oz', 'BI06', 40.000, 'ml'),
(239, 'DR17', '22oz', 'BI04', 10.000, 'g'),
(240, 'DR17', '1L', 'BI07', 350.000, 'ml'),
(241, 'DR17', '1L', 'PW05', 20.000, 'g'),
(242, 'DR17', '1L', 'BI03', 20.000, 'g'),
(243, 'DR17', '1L', 'BI06', 50.000, 'ml'),
(244, 'DR17', '1L', 'BI04', 20.000, 'g'),
(245, 'DR18', '16oz', 'BI07', 150.000, 'ml'),
(246, 'DR18', '16oz', 'PW02', 10.000, 'g'),
(247, 'DR18', '16oz', 'BI03', 10.000, 'g'),
(248, 'DR18', '16oz', 'BI06', 30.000, 'ml'),
(249, 'DR18', '16oz', 'BI04', 10.000, 'g'),
(250, 'DR18', '22oz', 'BI07', 200.000, 'ml'),
(251, 'DR18', '22oz', 'PW02', 20.000, 'g'),
(252, 'DR18', '22oz', 'BI03', 20.000, 'g'),
(253, 'DR18', '22oz', 'BI06', 40.000, 'ml'),
(254, 'DR18', '22oz', 'BI04', 10.000, 'g'),
(255, 'DR18', '1L', 'BI07', 350.000, 'ml'),
(256, 'DR18', '1L', 'PW02', 25.000, 'g'),
(257, 'DR18', '1L', 'BI03', 20.000, 'g'),
(258, 'DR18', '1L', 'BI06', 50.000, 'ml'),
(259, 'DR18', '1L', 'BI04', 20.000, 'g'),
(260, 'DR19', '16oz', 'BI07', 150.000, 'ml'),
(261, 'DR19', '16oz', 'PW01', 10.000, 'g'),
(262, 'DR19', '16oz', 'BI03', 10.000, 'g'),
(263, 'DR19', '16oz', 'BI06', 30.000, 'ml'),
(264, 'DR19', '16oz', 'BI04', 10.000, 'g'),
(265, 'DR19', '22oz', 'BI07', 200.000, 'ml'),
(266, 'DR19', '22oz', 'PW01', 20.000, 'g'),
(267, 'DR19', '22oz', 'BI03', 20.000, 'g'),
(268, 'DR19', '22oz', 'BI06', 40.000, 'ml'),
(269, 'DR19', '22oz', 'BI04', 10.000, 'g'),
(270, 'DR19', '1L', 'BI07', 350.000, 'ml'),
(271, 'DR19', '1L', 'PW01', 25.000, 'g'),
(272, 'DR19', '1L', 'BI03', 20.000, 'g'),
(273, 'DR19', '1L', 'BI06', 50.000, 'ml'),
(274, 'DR19', '1L', 'BI04', 20.000, 'g'),
(275, 'DR20', '16oz', 'BI07', 150.000, 'ml'),
(276, 'DR20', '16oz', 'PW05', 10.000, 'g'),
(277, 'DR20', '16oz', 'BI03', 10.000, 'g'),
(278, 'DR20', '16oz', 'BI06', 30.000, 'ml'),
(279, 'DR20', '16oz', 'BI04', 10.000, 'g'),
(280, 'DR20', '22oz', 'BI07', 200.000, 'ml'),
(281, 'DR20', '22oz', 'PW05', 20.000, 'g'),
(282, 'DR20', '22oz', 'BI03', 20.000, 'g'),
(283, 'DR20', '22oz', 'BI06', 40.000, 'ml'),
(284, 'DR20', '22oz', 'BI04', 10.000, 'g'),
(285, 'DR20', '1L', 'BI07', 350.000, 'ml'),
(286, 'DR20', '1L', 'PW05', 25.000, 'g'),
(287, 'DR20', '1L', 'BI03', 20.000, 'g'),
(288, 'DR20', '1L', 'BI06', 50.000, 'ml'),
(289, 'DR20', '1L', 'BI04', 20.000, 'g'),
(290, 'DR21', '16oz', 'BI07', 150.000, 'ml'),
(291, 'DR21', '16oz', 'SY12', 10.000, 'ml'),
(292, 'DR21', '16oz', 'BI03', 10.000, 'g'),
(293, 'DR21', '16oz', 'BI06', 30.000, 'ml'),
(294, 'DR21', '16oz', 'BI04', 10.000, 'g'),
(295, 'DR21', '22oz', 'BI07', 200.000, 'ml'),
(296, 'DR21', '22oz', 'SY12', 20.000, 'ml'),
(297, 'DR21', '22oz', 'BI03', 20.000, 'g'),
(298, 'DR21', '22oz', 'BI06', 40.000, 'ml'),
(299, 'DR21', '22oz', 'BI04', 10.000, 'g'),
(300, 'DR21', '1L', 'BI07', 350.000, 'ml'),
(301, 'DR21', '1L', 'SY12', 25.000, 'ml'),
(302, 'DR21', '1L', 'BI03', 20.000, 'g'),
(303, 'DR21', '1L', 'BI06', 50.000, 'ml'),
(304, 'DR21', '1L', 'BI04', 20.000, 'g'),
(305, 'DR22', '16oz', 'BI07', 150.000, 'ml'),
(306, 'DR22', '16oz', 'PW03', 10.000, 'g'),
(307, 'DR22', '16oz', 'BI03', 10.000, 'g'),
(308, 'DR22', '16oz', 'BI06', 30.000, 'ml'),
(309, 'DR22', '16oz', 'BI04', 10.000, 'g'),
(310, 'DR22', '22oz', 'BI07', 200.000, 'ml'),
(311, 'DR22', '22oz', 'PW03', 20.000, 'g'),
(312, 'DR22', '22oz', 'BI03', 20.000, 'g'),
(313, 'DR22', '22oz', 'BI06', 40.000, 'ml'),
(314, 'DR22', '22oz', 'BI04', 10.000, 'g'),
(315, 'DR22', '1L', 'BI07', 350.000, 'ml'),
(316, 'DR22', '1L', 'PW03', 25.000, 'g'),
(317, 'DR22', '1L', 'BI03', 20.000, 'g'),
(318, 'DR22', '1L', 'BI06', 50.000, 'ml'),
(319, 'DR22', '1L', 'BI04', 20.000, 'g'),
(320, 'DR23', '16oz', 'BI06', 150.000, 'ml'),
(321, 'DR23', '16oz', 'PW08', 15.000, 'g'),
(322, 'DR23', '16oz', 'BI03', 10.000, 'g'),
(323, 'DR23', '16oz', 'BI06', 30.000, 'ml'),
(324, 'DR23', '16oz', 'BI04', 10.000, 'g'),
(325, 'DR23', '22oz', 'BI06', 200.000, 'ml'),
(326, 'DR23', '22oz', 'PW08', 20.000, 'g'),
(327, 'DR23', '22oz', 'BI03', 20.000, 'g'),
(328, 'DR23', '22oz', 'BI06', 40.000, 'ml'),
(329, 'DR23', '22oz', 'BI04', 10.000, 'g'),
(330, 'DR23', '1L', 'BI06', 350.000, 'ml'),
(331, 'DR23', '1L', 'PW08', 30.000, 'g'),
(332, 'DR23', '1L', 'BI03', 30.000, 'g'),
(333, 'DR23', '1L', 'BI06', 50.000, 'ml'),
(334, 'DR23', '1L', 'BI04', 20.000, 'g'),
(335, 'DR24', '16oz', 'BI06', 150.000, 'ml'),
(336, 'DR24', '16oz', 'PW13', 15.000, 'g'),
(337, 'DR24', '16oz', 'BI03', 10.000, 'g'),
(338, 'DR24', '16oz', 'BI06', 30.000, 'ml'),
(339, 'DR24', '16oz', 'BI04', 10.000, 'g'),
(340, 'DR24', '22oz', 'BI06', 200.000, 'ml'),
(341, 'DR24', '22oz', 'PW13', 20.000, 'g'),
(342, 'DR24', '22oz', 'BI03', 20.000, 'g'),
(343, 'DR24', '22oz', 'BI06', 40.000, 'ml'),
(344, 'DR24', '22oz', 'BI04', 10.000, 'g'),
(345, 'DR24', '1L', 'BI06', 350.000, 'ml'),
(346, 'DR24', '1L', 'PW13', 30.000, 'g'),
(347, 'DR24', '1L', 'BI03', 30.000, 'g'),
(348, 'DR24', '1L', 'BI06', 50.000, 'ml'),
(349, 'DR24', '1L', 'BI04', 20.000, 'g'),
(350, 'DR25', '16oz', 'BI01', 7.000, 'g'),
(351, 'DR25', '16oz', 'BI06', 180.000, 'ml'),
(352, 'DR25', '22oz', 'BI01', 10.000, 'g'),
(353, 'DR25', '22oz', 'BI06', 200.000, 'ml'),
(354, 'DR25', '1L', 'BI01', 12.000, 'g'),
(355, 'DR25', '1L', 'BI06', 350.000, 'ml'),
(356, 'DR26', '16oz', 'BI01', 7.000, 'g'),
(357, 'DR26', '16oz', 'BI06', 130.000, 'ml'),
(358, 'DR26', '16oz', 'BI03', 20.000, 'g'),
(359, 'DR26', '22oz', 'BI01', 10.000, 'g'),
(360, 'DR26', '22oz', 'BI06', 240.000, 'ml'),
(361, 'DR26', '22oz', 'BI03', 30.000, 'g'),
(362, 'DR26', '1L', 'BI01', 12.000, 'g'),
(363, 'DR26', '1L', 'BI06', 350.000, 'ml'),
(364, 'DR26', '1L', 'BI03', 30.000, 'g'),
(365, 'DR27', '16oz', 'BI01', 7.000, 'g'),
(366, 'DR27', '16oz', 'BI06', 130.000, 'ml'),
(367, 'DR27', '16oz', 'BI03', 20.000, 'g'),
(368, 'DR27', '22oz', 'BI01', 10.000, 'g'),
(369, 'DR27', '22oz', 'BI06', 240.000, 'ml'),
(370, 'DR27', '22oz', 'BI03', 30.000, 'g'),
(371, 'DR27', '1L', 'BI01', 12.000, 'g'),
(372, 'DR27', '1L', 'BI06', 350.000, 'ml'),
(373, 'DR27', '1L', 'BI03', 30.000, 'g'),
(374, 'DR28', '16oz', 'BI01', 7.000, 'g'),
(375, 'DR28', '16oz', 'PW02', 15.000, 'g'),
(376, 'DR28', '16oz', 'BI03', 10.000, 'g'),
(377, 'DR28', '16oz', 'BI06', 130.000, 'ml'),
(378, 'DR28', '22oz', 'BI01', 10.000, 'g'),
(379, 'DR28', '22oz', 'PW02', 20.000, 'g'),
(380, 'DR28', '22oz', 'BI03', 20.000, 'g'),
(381, 'DR28', '22oz', 'BI06', 240.000, 'ml'),
(382, 'DR28', '1L', 'BI01', 12.000, 'g'),
(383, 'DR28', '1L', 'PW02', 30.000, 'g'),
(384, 'DR28', '1L', 'BI03', 20.000, 'g'),
(385, 'DR28', '1L', 'BI06', 350.000, 'ml'),
(386, 'DR29', '16oz', 'BI01', 7.000, 'g'),
(387, 'DR29', '16oz', 'SY08', 40.000, 'ml'),
(388, 'DR29', '16oz', 'BI03', 10.000, 'g'),
(389, 'DR29', '16oz', 'BI06', 100.000, 'ml'),
(390, 'DR29', '22oz', 'BI01', 10.000, 'g'),
(391, 'DR29', '22oz', 'SY08', 50.000, 'ml'),
(392, 'DR29', '22oz', 'BI03', 20.000, 'g'),
(393, 'DR29', '22oz', 'BI06', 150.000, 'ml'),
(394, 'DR29', '1L', 'BI01', 12.000, 'g'),
(395, 'DR29', '1L', 'SY08', 60.000, 'ml'),
(396, 'DR29', '1L', 'BI03', 30.000, 'g'),
(397, 'DR29', '1L', 'BI06', 300.000, 'ml'),
(398, 'DR30', '16oz', 'BI01', 7.000, 'g'),
(399, 'DR30', '16oz', 'PW16', 15.000, 'g'),
(400, 'DR30', '16oz', 'BI03', 10.000, 'g'),
(401, 'DR30', '16oz', 'BI06', 130.000, 'ml'),
(402, 'DR30', '22oz', 'BI01', 10.000, 'g'),
(403, 'DR30', '22oz', 'PW16', 20.000, 'g'),
(404, 'DR30', '22oz', 'BI03', 20.000, 'g'),
(405, 'DR30', '22oz', 'BI06', 240.000, 'ml'),
(406, 'DR30', '1L', 'BI01', 12.000, 'g'),
(407, 'DR30', '1L', 'PW16', 30.000, 'g'),
(408, 'DR30', '1L', 'BI03', 30.000, 'g'),
(409, 'DR30', '1L', 'BI06', 340.000, 'ml'),
(410, 'DR31', '16oz', 'BI01', 7.000, 'g'),
(411, 'DR31', '16oz', 'PW11', 15.000, 'g'),
(412, 'DR31', '16oz', 'BI03', 10.000, 'g'),
(413, 'DR31', '16oz', 'BI06', 130.000, 'ml'),
(414, 'DR31', '22oz', 'BI01', 10.000, 'g'),
(415, 'DR31', '22oz', 'PW11', 20.000, 'g'),
(416, 'DR31', '22oz', 'BI03', 20.000, 'g'),
(417, 'DR31', '22oz', 'BI06', 240.000, 'ml'),
(418, 'DR31', '1L', 'BI01', 12.000, 'g'),
(419, 'DR31', '1L', 'PW11', 30.000, 'g'),
(420, 'DR31', '1L', 'BI03', 30.000, 'g'),
(421, 'DR31', '1L', 'BI06', 350.000, 'ml'),
(422, 'DR32', '16oz', 'BI01', 7.000, 'g'),
(423, 'DR32', '16oz', 'OS03', 100.000, 'ml'),
(424, 'DR32', '16oz', 'BI06', 60.000, 'ml'),
(425, 'DR32', '16oz', 'SY01', 20.000, 'ml'),
(426, 'DR32', '22oz', 'BI01', 10.000, 'g'),
(427, 'DR32', '22oz', 'OS03', 100.000, 'ml'),
(428, 'DR32', '22oz', 'BI06', 80.000, 'ml'),
(429, 'DR32', '22oz', 'SY01', 40.000, 'ml'),
(430, 'DR33', '16oz', 'BI01', 7.000, 'g'),
(431, 'DR33', '16oz', 'OS03', 100.000, 'ml'),
(432, 'DR33', '16oz', 'BI06', 60.000, 'ml'),
(433, 'DR33', '16oz', 'SY09', 10.000, 'ml'),
(434, 'DR33', '16oz', 'SY01', 5.000, 'ml'),
(435, 'DR33', '22oz', 'BI01', 10.000, 'g'),
(436, 'DR33', '22oz', 'OS03', 100.000, 'ml'),
(437, 'DR33', '22oz', 'BI06', 80.000, 'ml'),
(438, 'DR33', '22oz', 'SY09', 20.000, 'ml'),
(439, 'DR33', '22oz', 'SY01', 10.000, 'ml'),
(440, 'DR34', '16oz', 'BI01', 7.000, 'g'),
(441, 'DR34', '16oz', 'OS03', 100.000, 'ml'),
(442, 'DR34', '16oz', 'BI06', 60.000, 'ml'),
(443, 'DR34', '16oz', 'SY10', 10.000, 'ml'),
(444, 'DR34', '16oz', 'SY01', 10.000, 'ml'),
(445, 'DR34', '22oz', 'BI01', 10.000, 'g'),
(446, 'DR34', '22oz', 'OS03', 100.000, 'ml'),
(447, 'DR34', '22oz', 'BI06', 80.000, 'ml'),
(448, 'DR34', '22oz', 'SY10', 20.000, 'ml'),
(449, 'DR34', '22oz', 'SY01', 20.000, 'ml'),
(450, 'DR35', '16oz', 'BI01', 7.000, 'g'),
(451, 'DR35', '16oz', 'PW05', 10.000, 'g'),
(452, 'DR35', '16oz', 'PW01', 6.000, 'g'),
(453, 'DR35', '16oz', 'BI03', 10.000, 'g'),
(454, 'DR35', '16oz', 'BI06', 130.000, 'ml'),
(455, 'DR35', '22oz', 'BI01', 10.000, 'g'),
(456, 'DR35', '22oz', 'PW05', 15.000, 'g'),
(457, 'DR35', '22oz', 'PW01', 10.000, 'g'),
(458, 'DR35', '22oz', 'BI03', 20.000, 'g'),
(459, 'DR35', '22oz', 'BI06', 240.000, 'ml'),
(460, 'DR35', '1L', 'BI01', 12.000, 'g'),
(461, 'DR35', '1L', 'PW05', 20.000, 'g'),
(462, 'DR35', '1L', 'PW01', 15.000, 'g'),
(463, 'DR35', '1L', 'BI03', 30.000, 'g'),
(464, 'DR35', '1L', 'BI06', 350.000, 'ml'),
(465, 'DR36', '16oz', 'BI01', 7.000, 'g'),
(466, 'DR36', '16oz', 'PW08', 10.000, 'g'),
(467, 'DR36', '16oz', 'BI03', 10.000, 'g'),
(468, 'DR36', '16oz', 'BI06', 130.000, 'ml'),
(469, 'DR36', '22oz', 'BI01', 10.000, 'g'),
(470, 'DR36', '22oz', 'PW08', 15.000, 'g'),
(471, 'DR36', '22oz', 'BI03', 20.000, 'g'),
(472, 'DR36', '22oz', 'BI06', 240.000, 'ml'),
(473, 'DR36', '1L', 'BI01', 12.000, 'g'),
(474, 'DR36', '1L', 'PW08', 20.000, 'g'),
(475, 'DR36', '1L', 'BI03', 30.000, 'g'),
(476, 'DR36', '1L', 'BI06', 350.000, 'ml'),
(477, 'DR37', '16oz', 'BI01', 7.000, 'g'),
(478, 'DR37', '16oz', 'PW03', 15.000, 'g'),
(479, 'DR37', '16oz', 'BI03', 10.000, 'g'),
(480, 'DR37', '16oz', 'BI06', 130.000, 'ml'),
(481, 'DR37', '22oz', 'BI01', 10.000, 'g'),
(482, 'DR37', '22oz', 'PW03', 20.000, 'g'),
(483, 'DR37', '22oz', 'BI03', 20.000, 'g'),
(484, 'DR37', '22oz', 'BI06', 240.000, 'ml'),
(485, 'DR37', '1L', 'BI01', 12.000, 'g'),
(486, 'DR37', '1L', 'PW03', 30.000, 'g'),
(487, 'DR37', '1L', 'BI03', 30.000, 'g'),
(488, 'DR37', '1L', 'BI06', 350.000, 'ml'),
(489, 'DR38', '16oz', 'BI01', 7.000, 'g'),
(490, 'DR38', '16oz', 'OS03', 100.000, 'ml'),
(491, 'DR38', '16oz', 'BI06', 130.000, 'ml'),
(492, 'DR38', '16oz', 'PW13', 10.000, 'g'),
(493, 'DR38', '22oz', 'BI01', 10.000, 'g'),
(494, 'DR38', '22oz', 'OS03', 100.000, 'ml'),
(495, 'DR38', '22oz', 'BI06', 90.000, 'ml'),
(496, 'DR38', '22oz', 'PW13', 20.000, 'g'),
(497, 'DR39', '16oz', 'BI01', 7.000, 'g'),
(498, 'DR39', '16oz', 'OS03', 100.000, 'ml'),
(499, 'DR39', '16oz', 'PW08', 10.000, 'g'),
(500, 'DR39', '16oz', 'BI06', 30.000, 'ml'),
(501, 'DR39', '22oz', 'BI01', 10.000, 'g'),
(502, 'DR39', '22oz', 'OS03', 100.000, 'ml'),
(503, 'DR39', '22oz', 'PW08', 20.000, 'g'),
(504, 'DR39', '22oz', 'BI06', 40.000, 'ml'),
(505, 'DR40', '16oz', 'BI01', 7.000, 'g'),
(506, 'DR40', '16oz', 'OS03', 100.000, 'ml'),
(507, 'DR40', '16oz', 'BI06', 40.000, 'ml'),
(508, 'DR40', '16oz', 'SY08', 40.000, 'ml'),
(509, 'DR40', '22oz', 'BI01', 10.000, 'g'),
(510, 'DR40', '22oz', 'OS03', 100.000, 'ml'),
(511, 'DR40', '22oz', 'BI06', 50.000, 'ml'),
(512, 'DR40', '22oz', 'SY08', 50.000, 'ml'),
(513, 'DR41', '16oz', 'BI08', 150.000, 'ml'),
(514, 'DR41', '16oz', 'SY02', 30.000, 'ml'),
(515, 'DR41', '16oz', 'BI06', 20.000, 'ml'),
(516, 'DR41', '16oz', 'SK02', 5.000, 'g'),
(517, 'DR41', '22oz', 'BI08', 200.000, 'ml'),
(518, 'DR41', '22oz', 'SY02', 40.000, 'ml'),
(519, 'DR41', '22oz', 'BI06', 30.000, 'ml'),
(520, 'DR41', '22oz', 'SK02', 10.000, 'g'),
(521, 'DR42', '16oz', 'BI08', 150.000, 'ml'),
(522, 'DR42', '16oz', 'SY02', 30.000, 'ml'),
(523, 'DR42', '16oz', 'BI06', 20.000, 'ml'),
(524, 'DR42', '16oz', 'SK02', 5.000, 'g'),
(525, 'DR42', '22oz', 'BI08', 200.000, 'ml'),
(526, 'DR42', '22oz', 'SY02', 40.000, 'ml'),
(527, 'DR42', '22oz', 'BI06', 30.000, 'ml'),
(528, 'DR42', '22oz', 'SK02', 10.000, 'g'),
(529, 'DR43', '16oz', 'BI08', 150.000, 'ml'),
(530, 'DR43', '16oz', 'SY06', 30.000, 'ml'),
(531, 'DR43', '16oz', 'BI06', 20.000, 'ml'),
(532, 'DR43', '16oz', 'SK02', 5.000, 'g'),
(533, 'DR43', '22oz', 'BI08', 200.000, 'ml'),
(534, 'DR43', '22oz', 'SY06', 40.000, 'ml'),
(535, 'DR43', '22oz', 'BI06', 30.000, 'ml'),
(536, 'DR43', '22oz', 'SK02', 10.000, 'g'),
(537, 'DR44', '16oz', 'BI08', 150.000, 'ml'),
(538, 'DR44', '16oz', 'SY04', 30.000, 'ml'),
(539, 'DR44', '16oz', 'BI06', 20.000, 'ml'),
(540, 'DR44', '16oz', 'SK02', 5.000, 'g'),
(541, 'DR44', '22oz', 'BI08', 200.000, 'ml'),
(542, 'DR44', '22oz', 'SY04', 40.000, 'ml'),
(543, 'DR44', '22oz', 'BI06', 30.000, 'ml'),
(544, 'DR44', '22oz', 'SK02', 10.000, 'g'),
(545, 'DR45', '16oz', 'BI08', 150.000, 'ml'),
(546, 'DR45', '16oz', 'SY03', 30.000, 'ml'),
(547, 'DR45', '16oz', 'BI06', 20.000, 'ml'),
(548, 'DR45', '16oz', 'SK02', 5.000, 'g'),
(549, 'DR45', '22oz', 'BI08', 200.000, 'ml'),
(550, 'DR45', '22oz', 'SY03', 40.000, 'ml'),
(551, 'DR45', '22oz', 'BI06', 30.000, 'ml'),
(552, 'DR45', '22oz', 'SK02', 10.000, 'g'),
(553, 'DR46', '16oz', 'CL11', 1.000, 'pc'),
(554, 'DR46', '16oz', 'SY04', 10.000, 'ml'),
(555, 'DR46', '16oz', 'BI06', 20.000, 'ml'),
(556, 'DR46', '22oz', 'CL11', 1.000, 'pc'),
(557, 'DR46', '22oz', 'SY04', 20.000, 'ml'),
(558, 'DR46', '22oz', 'BI06', 20.000, 'ml'),
(559, 'DR47', '16oz', 'CL11', 1.000, 'pc'),
(560, 'DR47', '16oz', 'SY03', 10.000, 'ml'),
(561, 'DR47', '16oz', 'BI06', 20.000, 'ml'),
(562, 'DR47', '22oz', 'CL11', 1.000, 'pc'),
(563, 'DR47', '22oz', 'SY03', 20.000, 'ml'),
(564, 'DR47', '22oz', 'BI06', 20.000, 'ml'),
(565, 'DR48', '16oz', 'CL11', 1.000, 'pc'),
(566, 'DR48', '16oz', 'SY02', 10.000, 'ml'),
(567, 'DR48', '16oz', 'BI06', 20.000, 'ml'),
(568, 'DR48', '22oz', 'CL11', 1.000, 'pc'),
(569, 'DR48', '22oz', 'SY02', 20.000, 'ml'),
(570, 'DR48', '22oz', 'BI06', 20.000, 'ml'),
(571, 'DR49', '16oz', 'CL11', 1.000, 'pc'),
(572, 'DR49', '16oz', 'SY06', 10.000, 'ml'),
(573, 'DR49', '16oz', 'BI06', 20.000, 'ml'),
(574, 'DR49', '22oz', 'CL11', 1.000, 'pc'),
(575, 'DR49', '22oz', 'SY06', 20.000, 'ml'),
(576, 'DR49', '22oz', 'BI06', 20.000, 'ml'),
(577, 'DR50', '16oz', 'BI01', 7.000, 'g'),
(578, 'DR50', '16oz', 'PW06', 10.000, 'g'),
(579, 'DR50', '16oz', 'BI03', 10.000, 'g'),
(580, 'DR50', '16oz', 'BI06', 60.000, 'ml'),
(581, 'DR50', '16oz', 'OS03', 60.000, 'ml'),
(582, 'DR50', '22oz', 'BI01', 10.000, 'g'),
(583, 'DR50', '22oz', 'PW06', 15.000, 'g'),
(584, 'DR50', '22oz', 'BI03', 15.000, 'g'),
(585, 'DR50', '22oz', 'BI06', 80.000, 'ml'),
(586, 'DR50', '22oz', 'OS03', 80.000, 'ml'),
(587, 'DR50', '1L', 'BI01', 12.000, 'g'),
(588, 'DR50', '1L', 'PW06', 20.000, 'g'),
(589, 'DR50', '1L', 'BI03', 20.000, 'g'),
(590, 'DR50', '1L', 'BI06', 100.000, 'ml'),
(591, 'DR50', '1L', 'OS03', 100.000, 'ml'),
(592, 'DR51', '16oz', 'BI01', 7.000, 'g'),
(593, 'DR51', '16oz', 'PW06', 10.000, 'g'),
(594, 'DR51', '16oz', 'PW07', 10.000, 'g'),
(595, 'DR51', '16oz', 'BI03', 10.000, 'g'),
(596, 'DR51', '16oz', 'BI06', 60.000, 'ml'),
(597, 'DR51', '16oz', 'OS03', 60.000, 'ml'),
(598, 'DR51', '22oz', 'BI01', 10.000, 'g'),
(599, 'DR51', '22oz', 'PW06', 15.000, 'g'),
(600, 'DR51', '22oz', 'PW07', 15.000, 'g'),
(601, 'DR51', '22oz', 'BI03', 15.000, 'g'),
(602, 'DR51', '22oz', 'BI06', 80.000, 'ml'),
(603, 'DR51', '22oz', 'OS03', 80.000, 'ml'),
(604, 'DR51', '1L', 'BI01', 12.000, 'g'),
(605, 'DR51', '1L', 'PW06', 20.000, 'g'),
(606, 'DR51', '1L', 'PW07', 20.000, 'g'),
(607, 'DR51', '1L', 'BI03', 20.000, 'g'),
(608, 'DR51', '1L', 'BI06', 100.000, 'ml'),
(609, 'DR51', '1L', 'OS03', 100.000, 'ml'),
(610, 'DR52', '16oz', 'BI01', 7.000, 'g'),
(611, 'DR52', '16oz', 'PW06', 10.000, 'g'),
(612, 'DR52', '16oz', 'PW03', 5.000, 'g'),
(613, 'DR52', '16oz', 'BI03', 10.000, 'g'),
(614, 'DR52', '16oz', 'BI06', 60.000, 'ml'),
(615, 'DR52', '16oz', 'OS03', 60.000, 'ml'),
(616, 'DR52', '22oz', 'BI01', 10.000, 'g'),
(617, 'DR52', '22oz', 'PW06', 15.000, 'g'),
(618, 'DR52', '22oz', 'PW03', 10.000, 'g'),
(619, 'DR52', '22oz', 'BI03', 15.000, 'g'),
(620, 'DR52', '22oz', 'BI06', 80.000, 'ml'),
(621, 'DR52', '22oz', 'OS03', 80.000, 'ml'),
(622, 'DR52', '1L', 'BI01', 12.000, 'g'),
(623, 'DR52', '1L', 'PW06', 20.000, 'g'),
(624, 'DR52', '1L', 'PW03', 15.000, 'g'),
(625, 'DR52', '1L', 'BI03', 20.000, 'g'),
(626, 'DR52', '1L', 'BI06', 100.000, 'ml'),
(627, 'DR52', '1L', 'OS03', 100.000, 'ml'),
(628, 'DR53', '16oz', 'BI01', 7.000, 'g'),
(629, 'DR53', '16oz', 'PW16', 10.000, 'g'),
(630, 'DR53', '16oz', 'BI03', 10.000, 'g'),
(631, 'DR53', '16oz', 'BI06', 60.000, 'ml'),
(632, 'DR53', '16oz', 'OS03', 60.000, 'ml'),
(633, 'DR53', '22oz', 'BI01', 10.000, 'g'),
(634, 'DR53', '22oz', 'PW16', 15.000, 'g'),
(635, 'DR53', '22oz', 'BI03', 15.000, 'g'),
(636, 'DR53', '22oz', 'BI06', 80.000, 'ml'),
(637, 'DR53', '22oz', 'OS03', 80.000, 'ml'),
(638, 'DR53', '1L', 'BI01', 12.000, 'g'),
(639, 'DR53', '1L', 'PW16', 20.000, 'g'),
(640, 'DR53', '1L', 'BI03', 20.000, 'g'),
(641, 'DR53', '1L', 'BI06', 100.000, 'ml'),
(642, 'DR53', '1L', 'OS03', 100.000, 'ml'),
(643, 'DR54', '16oz', 'BI01', 7.000, 'g'),
(644, 'DR54', '16oz', 'PW10', 10.000, 'g'),
(645, 'DR54', '16oz', 'BI03', 10.000, 'g'),
(646, 'DR54', '16oz', 'BI06', 60.000, 'ml'),
(647, 'DR54', '16oz', 'OS03', 60.000, 'ml'),
(648, 'DR54', '22oz', 'BI01', 10.000, 'g'),
(649, 'DR54', '22oz', 'PW10', 15.000, 'g'),
(650, 'DR54', '22oz', 'BI03', 15.000, 'g'),
(651, 'DR54', '22oz', 'BI06', 80.000, 'ml'),
(652, 'DR54', '22oz', 'OS03', 80.000, 'ml'),
(653, 'DR54', '1L', 'BI01', 12.000, 'g'),
(654, 'DR54', '1L', 'PW10', 20.000, 'g'),
(655, 'DR54', '1L', 'BI03', 20.000, 'g'),
(656, 'DR54', '1L', 'BI06', 100.000, 'ml'),
(657, 'DR54', '1L', 'OS03', 100.000, 'ml'),
(658, 'DR55', '16oz', 'BI01', 7.000, 'g'),
(659, 'DR55', '16oz', 'PW01', 10.000, 'g'),
(660, 'DR55', '16oz', 'BI03', 10.000, 'g'),
(661, 'DR55', '16oz', 'BI06', 60.000, 'ml'),
(662, 'DR55', '16oz', 'OS03', 60.000, 'ml'),
(663, 'DR55', '22oz', 'BI01', 10.000, 'g'),
(664, 'DR55', '22oz', 'PW01', 15.000, 'g'),
(665, 'DR55', '22oz', 'BI03', 15.000, 'g'),
(666, 'DR55', '22oz', 'BI06', 80.000, 'ml'),
(667, 'DR55', '22oz', 'OS03', 80.000, 'ml'),
(668, 'DR55', '1L', 'BI01', 12.000, 'g'),
(669, 'DR55', '1L', 'PW01', 20.000, 'g'),
(670, 'DR55', '1L', 'BI03', 20.000, 'g'),
(671, 'DR55', '1L', 'BI06', 100.000, 'ml'),
(672, 'DR55', '1L', 'OS03', 100.000, 'ml'),
(673, 'DR56', '16oz', 'PW12', 10.000, 'g'),
(674, 'DR56', '16oz', 'SY06', 5.000, 'ml'),
(675, 'DR56', '16oz', 'BI03', 10.000, 'g'),
(676, 'DR56', '16oz', 'BI06', 50.000, 'ml'),
(677, 'DR56', '16oz', 'OS03', 60.000, 'ml'),
(678, 'DR56', '16oz', 'BI04', 10.000, 'g'),
(679, 'DR56', '22oz', 'PW12', 15.000, 'g'),
(680, 'DR56', '22oz', 'SY06', 10.000, 'ml'),
(681, 'DR56', '22oz', 'BI03', 15.000, 'g'),
(682, 'DR56', '22oz', 'BI06', 70.000, 'ml'),
(683, 'DR56', '22oz', 'OS03', 80.000, 'ml'),
(684, 'DR56', '22oz', 'BI04', 10.000, 'g'),
(685, 'DR56', '1L', 'PW12', 20.000, 'g'),
(686, 'DR56', '1L', 'SY06', 20.000, 'ml'),
(687, 'DR56', '1L', 'BI03', 20.000, 'g'),
(688, 'DR56', '1L', 'BI06', 90.000, 'ml'),
(689, 'DR56', '1L', 'OS03', 70.000, 'ml'),
(690, 'DR56', '1L', 'BI04', 20.000, 'g'),
(691, 'DR57', '16oz', 'OS01', 1.000, 'pc'),
(692, 'DR57', '16oz', 'PW06', 5.000, 'g'),
(693, 'DR57', '16oz', 'PW02', 5.000, 'g'),
(694, 'DR57', '16oz', 'BI03', 10.000, 'g'),
(695, 'DR57', '16oz', 'BI06', 50.000, 'ml'),
(696, 'DR57', '16oz', 'OS03', 50.000, 'ml'),
(697, 'DR57', '16oz', 'BI04', 10.000, 'g'),
(698, 'DR57', '22oz', 'OS01', 2.000, 'pc'),
(699, 'DR57', '22oz', 'PW06', 10.000, 'g'),
(700, 'DR57', '22oz', 'PW02', 5.000, 'g'),
(701, 'DR57', '22oz', 'BI03', 15.000, 'g'),
(702, 'DR57', '22oz', 'BI06', 65.000, 'ml'),
(703, 'DR57', '22oz', 'OS03', 60.000, 'ml'),
(704, 'DR57', '22oz', 'BI04', 10.000, 'g'),
(705, 'DR57', '1L', 'OS01', 3.000, 'pc'),
(706, 'DR57', '1L', 'PW06', 15.000, 'g'),
(707, 'DR57', '1L', 'PW02', 10.000, 'g'),
(708, 'DR57', '1L', 'BI03', 20.000, 'g'),
(709, 'DR57', '1L', 'BI06', 80.000, 'ml'),
(710, 'DR57', '1L', 'OS03', 70.000, 'ml'),
(711, 'DR57', '1L', 'BI04', 20.000, 'g'),
(712, 'DR58', '16oz', 'PW05', 10.000, 'g'),
(713, 'DR58', '16oz', 'PW01', 10.000, 'g'),
(714, 'DR58', '16oz', 'BI03', 10.000, 'g'),
(715, 'DR58', '16oz', 'BI06', 50.000, 'ml'),
(716, 'DR58', '16oz', 'OS03', 50.000, 'ml'),
(717, 'DR58', '16oz', 'BI04', 10.000, 'g'),
(718, 'DR58', '22oz', 'PW05', 15.000, 'g'),
(719, 'DR58', '22oz', 'PW01', 15.000, 'g'),
(720, 'DR58', '22oz', 'BI03', 15.000, 'g'),
(721, 'DR58', '22oz', 'BI06', 70.000, 'ml'),
(722, 'DR58', '22oz', 'OS03', 60.000, 'ml'),
(723, 'DR58', '22oz', 'BI04', 10.000, 'g'),
(724, 'DR58', '1L', 'PW05', 20.000, 'g'),
(725, 'DR58', '1L', 'PW01', 20.000, 'g'),
(726, 'DR58', '1L', 'BI03', 20.000, 'g'),
(727, 'DR58', '1L', 'BI06', 90.000, 'ml'),
(728, 'DR58', '1L', 'OS03', 70.000, 'ml'),
(729, 'DR58', '1L', 'BI04', 20.000, 'g'),
(730, 'DR59', '16oz', 'PW05', 10.000, 'g'),
(731, 'DR59', '16oz', 'OS07', 10.000, 'g'),
(732, 'DR59', '16oz', 'BI03', 10.000, 'g'),
(733, 'DR59', '16oz', 'BI06', 50.000, 'ml'),
(734, 'DR59', '16oz', 'OS03', 50.000, 'ml'),
(735, 'DR59', '16oz', 'BI04', 10.000, 'g'),
(736, 'DR59', '22oz', 'PW05', 15.000, 'g'),
(737, 'DR59', '22oz', 'OS07', 15.000, 'g'),
(738, 'DR59', '22oz', 'BI03', 15.000, 'g'),
(739, 'DR59', '22oz', 'BI06', 70.000, 'ml'),
(740, 'DR59', '22oz', 'OS03', 60.000, 'ml'),
(741, 'DR59', '22oz', 'BI04', 10.000, 'g'),
(742, 'DR59', '1L', 'PW05', 20.000, 'g'),
(743, 'DR59', '1L', 'OS07', 20.000, 'g'),
(744, 'DR59', '1L', 'BI03', 20.000, 'g'),
(745, 'DR59', '1L', 'BI06', 90.000, 'ml'),
(746, 'DR59', '1L', 'OS03', 70.000, 'ml'),
(747, 'DR59', '1L', 'BI04', 20.000, 'g'),
(748, 'DR60', '16oz', 'PW13', 10.000, 'g'),
(749, 'DR60', '16oz', 'PW03', 10.000, 'g'),
(750, 'DR60', '16oz', 'BI03', 10.000, 'g'),
(751, 'DR60', '16oz', 'BI06', 50.000, 'ml'),
(752, 'DR60', '16oz', 'OS03', 50.000, 'ml'),
(753, 'DR60', '16oz', 'BI04', 10.000, 'g'),
(754, 'DR60', '22oz', 'PW13', 15.000, 'g'),
(755, 'DR60', '22oz', 'PW03', 15.000, 'g'),
(756, 'DR60', '22oz', 'BI03', 15.000, 'g'),
(757, 'DR60', '22oz', 'BI06', 70.000, 'ml'),
(758, 'DR60', '22oz', 'OS03', 60.000, 'ml'),
(759, 'DR60', '22oz', 'BI04', 10.000, 'g'),
(760, 'DR60', '1L', 'PW13', 20.000, 'g'),
(761, 'DR60', '1L', 'PW03', 20.000, 'g'),
(762, 'DR60', '1L', 'BI03', 20.000, 'g'),
(763, 'DR60', '1L', 'BI06', 90.000, 'ml'),
(764, 'DR60', '1L', 'OS03', 70.000, 'ml'),
(765, 'DR60', '1L', 'BI04', 20.000, 'g'),
(766, 'DR61', '16oz', 'BI07', 150.000, 'ml'),
(767, 'DR61', '16oz', 'PW01', 10.000, 'g'),
(768, 'DR61', '16oz', 'PW04', 10.000, 'g'),
(769, 'DR61', '16oz', 'BI03', 10.000, 'g'),
(770, 'DR61', '16oz', 'BI06', 20.000, 'ml'),
(771, 'DR61', '16oz', 'BI04', 10.000, 'g'),
(772, 'DR61', '22oz', 'BI07', 200.000, 'ml'),
(773, 'DR61', '22oz', 'PW01', 20.000, 'g'),
(774, 'DR61', '22oz', 'PW04', 20.000, 'g'),
(775, 'DR61', '22oz', 'BI03', 20.000, 'g'),
(776, 'DR61', '22oz', 'BI06', 20.000, 'ml'),
(777, 'DR61', '22oz', 'BI04', 10.000, 'g'),
(778, 'DR62', '16oz', 'BI07', 150.000, 'ml'),
(779, 'DR62', '16oz', 'PW16', 10.000, 'g'),
(780, 'DR62', '16oz', 'PW04', 10.000, 'g'),
(781, 'DR62', '16oz', 'BI03', 10.000, 'g'),
(782, 'DR62', '16oz', 'BI06', 20.000, 'ml'),
(783, 'DR62', '16oz', 'BI04', 10.000, 'g'),
(784, 'DR62', '22oz', 'BI07', 200.000, 'ml'),
(785, 'DR62', '22oz', 'PW16', 15.000, 'g'),
(786, 'DR62', '22oz', 'PW04', 20.000, 'g'),
(787, 'DR62', '22oz', 'BI03', 20.000, 'g'),
(788, 'DR62', '22oz', 'BI06', 30.000, 'ml'),
(789, 'DR62', '22oz', 'BI04', 10.000, 'g'),
(790, 'DR63', '16oz', 'BI07', 150.000, 'ml'),
(791, 'DR63', '16oz', 'PW12', 10.000, 'g'),
(792, 'DR63', '16oz', 'OS07', 5.000, 'g'),
(793, 'DR63', '16oz', 'PW04', 10.000, 'g'),
(794, 'DR63', '16oz', 'BI03', 10.000, 'g'),
(795, 'DR63', '16oz', 'BI06', 20.000, 'ml'),
(796, 'DR63', '16oz', 'BI04', 10.000, 'g'),
(797, 'DR63', '22oz', 'BI07', 200.000, 'ml'),
(798, 'DR63', '22oz', 'PW12', 15.000, 'g'),
(799, 'DR63', '22oz', 'OS07', 10.000, 'g'),
(800, 'DR63', '22oz', 'PW04', 20.000, 'g'),
(801, 'DR63', '22oz', 'BI03', 20.000, 'g'),
(802, 'DR63', '22oz', 'BI06', 20.000, 'ml'),
(803, 'DR63', '22oz', 'BI04', 10.000, 'g'),
(804, 'DR64', '12oz', 'BI06', 30.000, 'ml'),
(805, 'DR64', '12oz', 'BI01', 10.000, 'g'),
(807, 'DR65', '12oz', 'SY12', 20.000, 'ml'),
(808, 'DR65', '12oz', 'BI03', 20.000, 'g'),
(809, 'DR65', '12oz', 'BI06', 20.000, 'ml'),
(810, 'DR65', '12oz', 'BI07', 6.000, 'g'),
(812, 'DR66', '12oz', 'PW02', 20.000, 'g'),
(813, 'DR66', '12oz', 'BI03', 20.000, 'g'),
(814, 'DR66', '12oz', 'BI06', 30.000, 'ml'),
(816, 'DR67', '12oz', 'PW13', 20.000, 'g'),
(817, 'DR67', '12oz', 'BI03', 20.000, 'g'),
(818, 'DR67', '12oz', 'BI06', 30.000, 'ml'),
(820, 'DR68', '12oz', 'BI01', 10.000, 'g'),
(821, 'DR68', '12oz', 'SY01', 10.000, 'g'),
(822, 'DR68', '12oz', 'BI03', 10.000, 'g'),
(823, 'DR68', '12oz', 'BI06', 20.000, 'ml'),
(825, 'DR69', '12oz', 'BI01', 10.000, 'g'),
(826, 'DR69', '12oz', 'SY09', 10.000, 'ml'),
(827, 'DR69', '12oz', 'BI03', 10.000, 'g'),
(828, 'DR69', '12oz', 'BI06', 20.000, 'ml'),
(830, 'DR70', '12oz', 'BI01', 10.000, 'g'),
(831, 'DR70', '12oz', 'SY10', 10.000, 'g'),
(832, 'DR70', '12oz', 'BI03', 10.000, 'g'),
(833, 'DR70', '12oz', 'BI06', 20.000, 'ml'),
(835, 'DR71', '12oz', 'BI01', 10.000, 'g'),
(836, 'DR71', '12oz', 'SY08', 40.000, 'ml'),
(837, 'DR71', '12oz', 'BI03', 10.000, 'g'),
(838, 'DR71', '12oz', 'BI06', 20.000, 'ml'),
(839, 'DR01', '16oz', 'CL03', 1.000, 'pc'),
(840, 'DR02', '16oz', 'CL03', 1.000, 'pc'),
(841, 'DR03', '16oz', 'CL03', 1.000, 'pc'),
(842, 'DR04', '16oz', 'CL03', 1.000, 'pc'),
(843, 'DR05', '16oz', 'CL03', 1.000, 'pc'),
(844, 'DR06', '16oz', 'CL03', 1.000, 'pc'),
(845, 'DR07', '16oz', 'CL03', 1.000, 'pc'),
(846, 'DR08', '16oz', 'CL03', 1.000, 'pc'),
(847, 'DR09', '16oz', 'CL03', 1.000, 'pc'),
(848, 'DR10', '16oz', 'CL03', 1.000, 'pc'),
(849, 'DR11', '16oz', 'CL03', 1.000, 'pc'),
(850, 'DR12', '16oz', 'CL03', 1.000, 'pc'),
(851, 'DR13', '16oz', 'CL03', 1.000, 'pc'),
(852, 'DR14', '16oz', 'CL03', 1.000, 'pc'),
(853, 'DR15', '16oz', 'CL03', 1.000, 'pc'),
(854, 'DR16', '16oz', 'CL03', 1.000, 'pc'),
(855, 'DR17', '16oz', 'CL03', 1.000, 'pc'),
(856, 'DR18', '16oz', 'CL03', 1.000, 'pc'),
(857, 'DR19', '16oz', 'CL03', 1.000, 'pc'),
(858, 'DR20', '16oz', 'CL03', 1.000, 'pc'),
(859, 'DR21', '16oz', 'CL03', 1.000, 'pc'),
(860, 'DR22', '16oz', 'CL03', 1.000, 'pc'),
(861, 'DR23', '16oz', 'CL03', 1.000, 'pc'),
(862, 'DR24', '16oz', 'CL03', 1.000, 'pc'),
(863, 'DR25', '16oz', 'CL03', 1.000, 'pc'),
(864, 'DR26', '16oz', 'CL03', 1.000, 'pc'),
(865, 'DR27', '16oz', 'CL03', 1.000, 'pc'),
(866, 'DR28', '16oz', 'CL03', 1.000, 'pc'),
(867, 'DR29', '16oz', 'CL03', 1.000, 'pc'),
(868, 'DR30', '16oz', 'CL03', 1.000, 'pc'),
(869, 'DR31', '16oz', 'CL03', 1.000, 'pc'),
(870, 'DR32', '16oz', 'CL03', 1.000, 'pc'),
(871, 'DR33', '16oz', 'CL03', 1.000, 'pc'),
(872, 'DR34', '16oz', 'CL03', 1.000, 'pc'),
(873, 'DR35', '16oz', 'CL03', 1.000, 'pc'),
(874, 'DR36', '16oz', 'CL03', 1.000, 'pc'),
(875, 'DR37', '16oz', 'CL03', 1.000, 'pc'),
(876, 'DR38', '16oz', 'CL03', 1.000, 'pc'),
(877, 'DR39', '16oz', 'CL03', 1.000, 'pc'),
(878, 'DR40', '16oz', 'CL03', 1.000, 'pc'),
(879, 'DR41', '16oz', 'CL03', 1.000, 'pc'),
(880, 'DR42', '16oz', 'CL03', 1.000, 'pc'),
(881, 'DR43', '16oz', 'CL03', 1.000, 'pc'),
(882, 'DR44', '16oz', 'CL03', 1.000, 'pc'),
(883, 'DR45', '16oz', 'CL03', 1.000, 'pc'),
(884, 'DR46', '16oz', 'CL03', 1.000, 'pc'),
(885, 'DR47', '16oz', 'CL03', 1.000, 'pc'),
(886, 'DR48', '16oz', 'CL03', 1.000, 'pc'),
(887, 'DR49', '16oz', 'CL03', 1.000, 'pc'),
(888, 'DR50', '16oz', 'CL03', 1.000, 'pc'),
(889, 'DR51', '16oz', 'CL03', 1.000, 'pc'),
(890, 'DR52', '16oz', 'CL03', 1.000, 'pc'),
(891, 'DR53', '16oz', 'CL03', 1.000, 'pc'),
(892, 'DR54', '16oz', 'CL03', 1.000, 'pc'),
(893, 'DR55', '16oz', 'CL03', 1.000, 'pc'),
(894, 'DR56', '16oz', 'CL03', 1.000, 'pc'),
(895, 'DR57', '16oz', 'CL03', 1.000, 'pc'),
(896, 'DR58', '16oz', 'CL03', 1.000, 'pc'),
(897, 'DR59', '16oz', 'CL03', 1.000, 'pc'),
(898, 'DR60', '16oz', 'CL03', 1.000, 'pc'),
(899, 'DR61', '16oz', 'CL03', 1.000, 'pc'),
(900, 'DR62', '16oz', 'CL03', 1.000, 'pc'),
(901, 'DR63', '16oz', 'CL03', 1.000, 'pc'),
(902, 'DR01', '22oz', 'CL04', 1.000, 'pc'),
(903, 'DR02', '22oz', 'CL04', 1.000, 'pc'),
(904, 'DR03', '22oz', 'CL04', 1.000, 'pc'),
(905, 'DR04', '22oz', 'CL04', 1.000, 'pc'),
(906, 'DR05', '22oz', 'CL04', 1.000, 'pc'),
(907, 'DR06', '22oz', 'CL04', 1.000, 'pc'),
(908, 'DR07', '22oz', 'CL04', 1.000, 'pc'),
(909, 'DR08', '22oz', 'CL04', 1.000, 'pc'),
(910, 'DR09', '22oz', 'CL04', 1.000, 'pc'),
(911, 'DR10', '22oz', 'CL04', 1.000, 'pc'),
(912, 'DR11', '22oz', 'CL04', 1.000, 'pc'),
(913, 'DR12', '22oz', 'CL04', 1.000, 'pc'),
(914, 'DR13', '22oz', 'CL04', 1.000, 'pc'),
(915, 'DR14', '22oz', 'CL04', 1.000, 'pc'),
(916, 'DR15', '22oz', 'CL04', 1.000, 'pc'),
(917, 'DR16', '22oz', 'CL04', 1.000, 'pc'),
(918, 'DR17', '22oz', 'CL04', 1.000, 'pc'),
(919, 'DR18', '22oz', 'CL04', 1.000, 'pc'),
(920, 'DR19', '22oz', 'CL04', 1.000, 'pc'),
(921, 'DR20', '22oz', 'CL04', 1.000, 'pc'),
(922, 'DR21', '22oz', 'CL04', 1.000, 'pc'),
(923, 'DR22', '22oz', 'CL04', 1.000, 'pc'),
(924, 'DR23', '22oz', 'CL04', 1.000, 'pc'),
(925, 'DR24', '22oz', 'CL04', 1.000, 'pc'),
(926, 'DR25', '22oz', 'CL04', 1.000, 'pc'),
(927, 'DR26', '22oz', 'CL04', 1.000, 'pc'),
(928, 'DR27', '22oz', 'CL04', 1.000, 'pc'),
(929, 'DR28', '22oz', 'CL04', 1.000, 'pc'),
(930, 'DR29', '22oz', 'CL04', 1.000, 'pc'),
(931, 'DR30', '22oz', 'CL04', 1.000, 'pc'),
(932, 'DR31', '22oz', 'CL04', 1.000, 'pc'),
(933, 'DR32', '22oz', 'CL04', 1.000, 'pc'),
(934, 'DR33', '22oz', 'CL04', 1.000, 'pc'),
(935, 'DR34', '22oz', 'CL04', 1.000, 'pc'),
(936, 'DR35', '22oz', 'CL04', 1.000, 'pc'),
(937, 'DR36', '22oz', 'CL04', 1.000, 'pc'),
(938, 'DR37', '22oz', 'CL04', 1.000, 'pc'),
(939, 'DR38', '22oz', 'CL04', 1.000, 'pc'),
(940, 'DR39', '22oz', 'CL04', 1.000, 'pc'),
(941, 'DR40', '22oz', 'CL04', 1.000, 'pc'),
(942, 'DR41', '22oz', 'CL04', 1.000, 'pc'),
(943, 'DR42', '22oz', 'CL04', 1.000, 'pc'),
(944, 'DR43', '22oz', 'CL04', 1.000, 'pc'),
(945, 'DR44', '22oz', 'CL04', 1.000, 'pc'),
(946, 'DR45', '22oz', 'CL04', 1.000, 'pc'),
(947, 'DR46', '22oz', 'CL04', 1.000, 'pc'),
(948, 'DR47', '22oz', 'CL04', 1.000, 'pc'),
(949, 'DR48', '22oz', 'CL04', 1.000, 'pc'),
(950, 'DR49', '22oz', 'CL04', 1.000, 'pc'),
(951, 'DR50', '22oz', 'CL04', 1.000, 'pc'),
(952, 'DR51', '22oz', 'CL04', 1.000, 'pc'),
(953, 'DR52', '22oz', 'CL04', 1.000, 'pc'),
(954, 'DR53', '22oz', 'CL04', 1.000, 'pc'),
(955, 'DR54', '22oz', 'CL04', 1.000, 'pc'),
(956, 'DR55', '22oz', 'CL04', 1.000, 'pc'),
(957, 'DR56', '22oz', 'CL04', 1.000, 'pc'),
(958, 'DR57', '22oz', 'CL04', 1.000, 'pc'),
(959, 'DR58', '22oz', 'CL04', 1.000, 'pc'),
(960, 'DR59', '22oz', 'CL04', 1.000, 'pc'),
(961, 'DR60', '22oz', 'CL04', 1.000, 'pc'),
(962, 'DR61', '22oz', 'CL04', 1.000, 'pc'),
(963, 'DR62', '22oz', 'CL04', 1.000, 'pc'),
(964, 'DR63', '22oz', 'CL04', 1.000, 'pc'),
(965, 'DR05', '1L', 'CL07', 1.000, 'pc'),
(966, 'DR06', '1L', 'CL07', 1.000, 'pc'),
(967, 'DR07', '1L', 'CL07', 1.000, 'pc'),
(968, 'DR08', '1L', 'CL07', 1.000, 'pc'),
(969, 'DR09', '1L', 'CL07', 1.000, 'pc'),
(970, 'DR10', '1L', 'CL07', 1.000, 'pc'),
(971, 'DR11', '1L', 'CL07', 1.000, 'pc'),
(972, 'DR12', '1L', 'CL07', 1.000, 'pc'),
(973, 'DR13', '1L', 'CL07', 1.000, 'pc'),
(974, 'DR14', '1L', 'CL07', 1.000, 'pc'),
(975, 'DR15', '1L', 'CL07', 1.000, 'pc'),
(976, 'DR16', '1L', 'CL07', 1.000, 'pc'),
(977, 'DR17', '1L', 'CL07', 1.000, 'pc'),
(978, 'DR18', '1L', 'CL07', 1.000, 'pc'),
(979, 'DR19', '1L', 'CL07', 1.000, 'pc'),
(980, 'DR20', '1L', 'CL07', 1.000, 'pc'),
(981, 'DR21', '1L', 'CL07', 1.000, 'pc'),
(982, 'DR22', '1L', 'CL07', 1.000, 'pc'),
(983, 'DR23', '1L', 'CL07', 1.000, 'pc'),
(984, 'DR24', '1L', 'CL07', 1.000, 'pc'),
(985, 'DR25', '1L', 'CL07', 1.000, 'pc'),
(986, 'DR26', '1L', 'CL07', 1.000, 'pc'),
(987, 'DR27', '1L', 'CL07', 1.000, 'pc'),
(988, 'DR28', '1L', 'CL07', 1.000, 'pc'),
(989, 'DR29', '1L', 'CL07', 1.000, 'pc'),
(990, 'DR30', '1L', 'CL07', 1.000, 'pc'),
(991, 'DR31', '1L', 'CL07', 1.000, 'pc'),
(992, 'DR35', '1L', 'CL07', 1.000, 'pc'),
(993, 'DR36', '1L', 'CL07', 1.000, 'pc'),
(994, 'DR37', '1L', 'CL07', 1.000, 'pc'),
(995, 'DR50', '1L', 'CL07', 1.000, 'pc'),
(996, 'DR51', '1L', 'CL07', 1.000, 'pc'),
(997, 'DR52', '1L', 'CL07', 1.000, 'pc'),
(998, 'DR53', '1L', 'CL07', 1.000, 'pc'),
(999, 'DR54', '1L', 'CL07', 1.000, 'pc'),
(1000, 'DR55', '1L', 'CL07', 1.000, 'pc'),
(1001, 'DR56', '1L', 'CL07', 1.000, 'pc'),
(1002, 'DR57', '1L', 'CL07', 1.000, 'pc'),
(1003, 'DR58', '1L', 'CL07', 1.000, 'pc'),
(1004, 'DR59', '1L', 'CL07', 1.000, 'pc'),
(1005, 'DR60', '1L', 'CL07', 1.000, 'pc'),
(1006, 'DR01', '16oz', 'CL10', 1.000, 'pc'),
(1007, 'DR02', '16oz', 'CL10', 1.000, 'pc'),
(1008, 'DR03', '16oz', 'CL10', 1.000, 'pc'),
(1009, 'DR04', '16oz', 'CL10', 1.000, 'pc'),
(1010, 'DR05', '16oz', 'CL10', 1.000, 'pc'),
(1011, 'DR06', '16oz', 'CL10', 1.000, 'pc'),
(1012, 'DR07', '16oz', 'CL10', 1.000, 'pc'),
(1013, 'DR08', '16oz', 'CL10', 1.000, 'pc'),
(1014, 'DR09', '16oz', 'CL10', 1.000, 'pc'),
(1015, 'DR10', '16oz', 'CL10', 1.000, 'pc'),
(1016, 'DR11', '16oz', 'CL10', 1.000, 'pc'),
(1017, 'DR12', '16oz', 'CL10', 1.000, 'pc'),
(1018, 'DR13', '16oz', 'CL10', 1.000, 'pc'),
(1019, 'DR14', '16oz', 'CL10', 1.000, 'pc'),
(1020, 'DR15', '16oz', 'CL10', 1.000, 'pc'),
(1021, 'DR16', '16oz', 'CL10', 1.000, 'pc'),
(1022, 'DR17', '16oz', 'CL10', 1.000, 'pc'),
(1023, 'DR18', '16oz', 'CL10', 1.000, 'pc'),
(1024, 'DR19', '16oz', 'CL10', 1.000, 'pc'),
(1025, 'DR20', '16oz', 'CL10', 1.000, 'pc'),
(1026, 'DR21', '16oz', 'CL10', 1.000, 'pc'),
(1027, 'DR22', '16oz', 'CL10', 1.000, 'pc'),
(1028, 'DR23', '16oz', 'CL10', 1.000, 'pc'),
(1029, 'DR24', '16oz', 'CL10', 1.000, 'pc'),
(1030, 'DR25', '16oz', 'CL10', 1.000, 'pc'),
(1031, 'DR26', '16oz', 'CL10', 1.000, 'pc'),
(1032, 'DR27', '16oz', 'CL10', 1.000, 'pc'),
(1033, 'DR28', '16oz', 'CL10', 1.000, 'pc'),
(1034, 'DR29', '16oz', 'CL10', 1.000, 'pc'),
(1035, 'DR30', '16oz', 'CL10', 1.000, 'pc'),
(1036, 'DR31', '16oz', 'CL10', 1.000, 'pc'),
(1037, 'DR32', '16oz', 'CL10', 1.000, 'pc'),
(1038, 'DR33', '16oz', 'CL10', 1.000, 'pc'),
(1039, 'DR34', '16oz', 'CL10', 1.000, 'pc'),
(1040, 'DR35', '16oz', 'CL10', 1.000, 'pc'),
(1041, 'DR36', '16oz', 'CL10', 1.000, 'pc'),
(1042, 'DR37', '16oz', 'CL10', 1.000, 'pc'),
(1043, 'DR38', '16oz', 'CL10', 1.000, 'pc'),
(1044, 'DR39', '16oz', 'CL10', 1.000, 'pc'),
(1045, 'DR40', '16oz', 'CL10', 1.000, 'pc'),
(1046, 'DR41', '16oz', 'CL10', 1.000, 'pc'),
(1047, 'DR42', '16oz', 'CL10', 1.000, 'pc'),
(1048, 'DR43', '16oz', 'CL10', 1.000, 'pc'),
(1049, 'DR44', '16oz', 'CL10', 1.000, 'pc'),
(1050, 'DR45', '16oz', 'CL10', 1.000, 'pc'),
(1051, 'DR46', '16oz', 'CL10', 1.000, 'pc'),
(1052, 'DR47', '16oz', 'CL10', 1.000, 'pc'),
(1053, 'DR48', '16oz', 'CL10', 1.000, 'pc'),
(1054, 'DR49', '16oz', 'CL10', 1.000, 'pc'),
(1055, 'DR50', '16oz', 'CL10', 1.000, 'pc'),
(1056, 'DR51', '16oz', 'CL10', 1.000, 'pc'),
(1057, 'DR52', '16oz', 'CL10', 1.000, 'pc'),
(1058, 'DR53', '16oz', 'CL10', 1.000, 'pc'),
(1059, 'DR54', '16oz', 'CL10', 1.000, 'pc'),
(1060, 'DR55', '16oz', 'CL10', 1.000, 'pc'),
(1061, 'DR56', '16oz', 'CL10', 1.000, 'pc'),
(1062, 'DR57', '16oz', 'CL10', 1.000, 'pc'),
(1063, 'DR58', '16oz', 'CL10', 1.000, 'pc'),
(1064, 'DR59', '16oz', 'CL10', 1.000, 'pc'),
(1065, 'DR60', '16oz', 'CL10', 1.000, 'pc'),
(1066, 'DR61', '16oz', 'CL10', 1.000, 'pc'),
(1067, 'DR62', '16oz', 'CL10', 1.000, 'pc'),
(1068, 'DR63', '16oz', 'CL10', 1.000, 'pc'),
(1069, 'DR01', '22oz', 'CL10', 1.000, 'pc'),
(1070, 'DR02', '22oz', 'CL10', 1.000, 'pc'),
(1071, 'DR03', '22oz', 'CL10', 1.000, 'pc'),
(1072, 'DR04', '22oz', 'CL10', 1.000, 'pc'),
(1073, 'DR05', '22oz', 'CL10', 1.000, 'pc'),
(1074, 'DR06', '22oz', 'CL10', 1.000, 'pc'),
(1075, 'DR07', '22oz', 'CL10', 1.000, 'pc'),
(1076, 'DR08', '22oz', 'CL10', 1.000, 'pc'),
(1077, 'DR09', '22oz', 'CL10', 1.000, 'pc'),
(1078, 'DR10', '22oz', 'CL10', 1.000, 'pc'),
(1079, 'DR11', '22oz', 'CL10', 1.000, 'pc'),
(1080, 'DR12', '22oz', 'CL10', 1.000, 'pc'),
(1081, 'DR13', '22oz', 'CL10', 1.000, 'pc'),
(1082, 'DR14', '22oz', 'CL10', 1.000, 'pc'),
(1083, 'DR15', '22oz', 'CL10', 1.000, 'pc'),
(1084, 'DR16', '22oz', 'CL10', 1.000, 'pc'),
(1085, 'DR17', '22oz', 'CL10', 1.000, 'pc'),
(1086, 'DR18', '22oz', 'CL10', 1.000, 'pc'),
(1087, 'DR19', '22oz', 'CL10', 1.000, 'pc'),
(1088, 'DR20', '22oz', 'CL10', 1.000, 'pc'),
(1089, 'DR21', '22oz', 'CL10', 1.000, 'pc'),
(1090, 'DR22', '22oz', 'CL10', 1.000, 'pc'),
(1091, 'DR23', '22oz', 'CL10', 1.000, 'pc'),
(1092, 'DR24', '22oz', 'CL10', 1.000, 'pc'),
(1093, 'DR25', '22oz', 'CL10', 1.000, 'pc'),
(1094, 'DR26', '22oz', 'CL10', 1.000, 'pc'),
(1095, 'DR27', '22oz', 'CL10', 1.000, 'pc'),
(1096, 'DR28', '22oz', 'CL10', 1.000, 'pc'),
(1097, 'DR29', '22oz', 'CL10', 1.000, 'pc'),
(1098, 'DR30', '22oz', 'CL10', 1.000, 'pc'),
(1099, 'DR31', '22oz', 'CL10', 1.000, 'pc'),
(1100, 'DR32', '22oz', 'CL10', 1.000, 'pc'),
(1101, 'DR33', '22oz', 'CL10', 1.000, 'pc'),
(1102, 'DR34', '22oz', 'CL10', 1.000, 'pc'),
(1103, 'DR35', '22oz', 'CL10', 1.000, 'pc'),
(1104, 'DR36', '22oz', 'CL10', 1.000, 'pc'),
(1105, 'DR37', '22oz', 'CL10', 1.000, 'pc'),
(1106, 'DR38', '22oz', 'CL10', 1.000, 'pc'),
(1107, 'DR39', '22oz', 'CL10', 1.000, 'pc'),
(1108, 'DR40', '22oz', 'CL10', 1.000, 'pc'),
(1109, 'DR41', '22oz', 'CL10', 1.000, 'pc'),
(1110, 'DR42', '22oz', 'CL10', 1.000, 'pc'),
(1111, 'DR43', '22oz', 'CL10', 1.000, 'pc'),
(1112, 'DR44', '22oz', 'CL10', 1.000, 'pc'),
(1113, 'DR45', '22oz', 'CL10', 1.000, 'pc'),
(1114, 'DR46', '22oz', 'CL10', 1.000, 'pc'),
(1115, 'DR47', '22oz', 'CL10', 1.000, 'pc'),
(1116, 'DR48', '22oz', 'CL10', 1.000, 'pc'),
(1117, 'DR49', '22oz', 'CL10', 1.000, 'pc'),
(1118, 'DR50', '22oz', 'CL10', 1.000, 'pc'),
(1119, 'DR51', '22oz', 'CL10', 1.000, 'pc'),
(1120, 'DR52', '22oz', 'CL10', 1.000, 'pc'),
(1121, 'DR53', '22oz', 'CL10', 1.000, 'pc'),
(1122, 'DR54', '22oz', 'CL10', 1.000, 'pc'),
(1123, 'DR55', '22oz', 'CL10', 1.000, 'pc'),
(1124, 'DR56', '22oz', 'CL10', 1.000, 'pc'),
(1125, 'DR57', '22oz', 'CL10', 1.000, 'pc'),
(1126, 'DR58', '22oz', 'CL10', 1.000, 'pc'),
(1127, 'DR59', '22oz', 'CL10', 1.000, 'pc'),
(1128, 'DR60', '22oz', 'CL10', 1.000, 'pc'),
(1129, 'DR61', '22oz', 'CL10', 1.000, 'pc'),
(1130, 'DR62', '22oz', 'CL10', 1.000, 'pc'),
(1131, 'DR63', '22oz', 'CL10', 1.000, 'pc'),
(1132, 'DR01', '16oz', 'CL11', 1.000, 'pc'),
(1133, 'DR01', '22oz', 'CL11', 1.000, 'pc'),
(1134, 'DR02', '16oz', 'CL11', 1.000, 'pc'),
(1135, 'DR02', '22oz', 'CL11', 1.000, 'pc'),
(1136, 'DR03', '16oz', 'CL11', 1.000, 'pc'),
(1137, 'DR03', '22oz', 'CL11', 1.000, 'pc'),
(1138, 'DR04', '16oz', 'CL11', 1.000, 'pc'),
(1139, 'DR04', '22oz', 'CL11', 1.000, 'pc'),
(1140, 'DR05', '16oz', 'CL11', 1.000, 'pc'),
(1141, 'DR05', '22oz', 'CL11', 1.000, 'pc'),
(1142, 'DR05', '1L', 'CL11', 1.000, 'pc'),
(1143, 'DR06', '16oz', 'CL11', 1.000, 'pc'),
(1144, 'DR06', '22oz', 'CL11', 1.000, 'pc'),
(1145, 'DR06', '1L', 'CL11', 1.000, 'pc'),
(1146, 'DR07', '16oz', 'CL11', 1.000, 'pc'),
(1147, 'DR07', '22oz', 'CL11', 1.000, 'pc'),
(1148, 'DR07', '1L', 'CL11', 1.000, 'pc'),
(1149, 'DR08', '16oz', 'CL11', 1.000, 'pc'),
(1150, 'DR08', '22oz', 'CL11', 1.000, 'pc'),
(1151, 'DR08', '1L', 'CL11', 1.000, 'pc'),
(1152, 'DR09', '16oz', 'CL11', 1.000, 'pc'),
(1153, 'DR09', '22oz', 'CL11', 1.000, 'pc'),
(1154, 'DR09', '1L', 'CL11', 1.000, 'pc'),
(1155, 'DR10', '16oz', 'CL11', 1.000, 'pc'),
(1156, 'DR10', '22oz', 'CL11', 1.000, 'pc'),
(1157, 'DR10', '1L', 'CL11', 1.000, 'pc'),
(1158, 'DR11', '16oz', 'CL11', 1.000, 'pc'),
(1159, 'DR11', '22oz', 'CL11', 1.000, 'pc'),
(1160, 'DR11', '1L', 'CL11', 1.000, 'pc'),
(1161, 'DR12', '16oz', 'CL11', 1.000, 'pc'),
(1162, 'DR12', '22oz', 'CL11', 1.000, 'pc'),
(1163, 'DR12', '1L', 'CL11', 1.000, 'pc'),
(1164, 'DR13', '16oz', 'CL11', 1.000, 'pc'),
(1165, 'DR13', '22oz', 'CL11', 1.000, 'pc'),
(1166, 'DR13', '1L', 'CL11', 1.000, 'pc'),
(1167, 'DR14', '16oz', 'CL11', 1.000, 'pc'),
(1168, 'DR14', '22oz', 'CL11', 1.000, 'pc'),
(1169, 'DR14', '1L', 'CL11', 1.000, 'pc'),
(1170, 'DR15', '16oz', 'CL11', 1.000, 'pc'),
(1171, 'DR15', '22oz', 'CL11', 1.000, 'pc'),
(1172, 'DR15', '1L', 'CL11', 1.000, 'pc'),
(1173, 'DR16', '16oz', 'CL11', 1.000, 'pc'),
(1174, 'DR16', '22oz', 'CL11', 1.000, 'pc'),
(1175, 'DR16', '1L', 'CL11', 1.000, 'pc'),
(1176, 'DR17', '16oz', 'CL11', 1.000, 'pc'),
(1177, 'DR17', '22oz', 'CL11', 1.000, 'pc'),
(1178, 'DR17', '1L', 'CL11', 1.000, 'pc'),
(1179, 'DR18', '16oz', 'CL11', 1.000, 'pc'),
(1180, 'DR18', '22oz', 'CL11', 1.000, 'pc'),
(1181, 'DR18', '1L', 'CL11', 1.000, 'pc'),
(1182, 'DR19', '16oz', 'CL11', 1.000, 'pc'),
(1183, 'DR19', '22oz', 'CL11', 1.000, 'pc'),
(1184, 'DR19', '1L', 'CL11', 1.000, 'pc'),
(1185, 'DR20', '16oz', 'CL11', 1.000, 'pc'),
(1186, 'DR20', '22oz', 'CL11', 1.000, 'pc'),
(1187, 'DR20', '1L', 'CL11', 1.000, 'pc'),
(1188, 'DR21', '16oz', 'CL11', 1.000, 'pc'),
(1189, 'DR21', '22oz', 'CL11', 1.000, 'pc'),
(1190, 'DR21', '1L', 'CL11', 1.000, 'pc'),
(1191, 'DR22', '16oz', 'CL11', 1.000, 'pc'),
(1192, 'DR22', '22oz', 'CL11', 1.000, 'pc'),
(1193, 'DR22', '1L', 'CL11', 1.000, 'pc'),
(1194, 'DR23', '16oz', 'CL11', 1.000, 'pc');
INSERT INTO `product_recipes` (`id`, `drink_product_id`, `size`, `ingredient_product_id`, `amount_used`, `unit`) VALUES
(1195, 'DR23', '22oz', 'CL11', 1.000, 'pc'),
(1196, 'DR23', '1L', 'CL11', 1.000, 'pc'),
(1197, 'DR24', '16oz', 'CL11', 1.000, 'pc'),
(1198, 'DR24', '22oz', 'CL11', 1.000, 'pc'),
(1199, 'DR24', '1L', 'CL11', 1.000, 'pc'),
(1200, 'DR61', '16oz', 'CL11', 1.000, 'pc'),
(1201, 'DR61', '22oz', 'CL11', 1.000, 'pc'),
(1202, 'DR62', '16oz', 'CL11', 1.000, 'pc'),
(1203, 'DR62', '22oz', 'CL11', 1.000, 'pc'),
(1204, 'DR63', '16oz', 'CL11', 1.000, 'pc'),
(1205, 'DR63', '22oz', 'CL11', 1.000, 'pc'),
(1206, 'DR25', '16oz', 'CL12', 1.000, 'pc'),
(1207, 'DR25', '22oz', 'CL12', 1.000, 'pc'),
(1208, 'DR25', '1L', 'CL12', 1.000, 'pc'),
(1209, 'DR26', '16oz', 'CL12', 1.000, 'pc'),
(1210, 'DR26', '22oz', 'CL12', 1.000, 'pc'),
(1211, 'DR26', '1L', 'CL12', 1.000, 'pc'),
(1212, 'DR27', '16oz', 'CL12', 1.000, 'pc'),
(1213, 'DR27', '22oz', 'CL12', 1.000, 'pc'),
(1214, 'DR27', '1L', 'CL12', 1.000, 'pc'),
(1215, 'DR28', '16oz', 'CL12', 1.000, 'pc'),
(1216, 'DR28', '22oz', 'CL12', 1.000, 'pc'),
(1217, 'DR28', '1L', 'CL12', 1.000, 'pc'),
(1218, 'DR29', '16oz', 'CL12', 1.000, 'pc'),
(1219, 'DR29', '22oz', 'CL12', 1.000, 'pc'),
(1220, 'DR29', '1L', 'CL12', 1.000, 'pc'),
(1221, 'DR30', '16oz', 'CL12', 1.000, 'pc'),
(1222, 'DR30', '22oz', 'CL12', 1.000, 'pc'),
(1223, 'DR30', '1L', 'CL12', 1.000, 'pc'),
(1224, 'DR31', '16oz', 'CL12', 1.000, 'pc'),
(1225, 'DR31', '22oz', 'CL12', 1.000, 'pc'),
(1226, 'DR31', '1L', 'CL12', 1.000, 'pc'),
(1227, 'DR32', '16oz', 'CL12', 1.000, 'pc'),
(1228, 'DR32', '22oz', 'CL12', 1.000, 'pc'),
(1229, 'DR33', '16oz', 'CL12', 1.000, 'pc'),
(1230, 'DR33', '22oz', 'CL12', 1.000, 'pc'),
(1231, 'DR34', '16oz', 'CL12', 1.000, 'pc'),
(1232, 'DR34', '22oz', 'CL12', 1.000, 'pc'),
(1233, 'DR35', '16oz', 'CL12', 1.000, 'pc'),
(1234, 'DR35', '22oz', 'CL12', 1.000, 'pc'),
(1235, 'DR35', '1L', 'CL12', 1.000, 'pc'),
(1236, 'DR36', '16oz', 'CL12', 1.000, 'pc'),
(1237, 'DR36', '22oz', 'CL12', 1.000, 'pc'),
(1238, 'DR36', '1L', 'CL12', 1.000, 'pc'),
(1239, 'DR37', '16oz', 'CL12', 1.000, 'pc'),
(1240, 'DR37', '22oz', 'CL12', 1.000, 'pc'),
(1241, 'DR37', '1L', 'CL12', 1.000, 'pc'),
(1242, 'DR38', '16oz', 'CL12', 1.000, 'pc'),
(1243, 'DR38', '22oz', 'CL12', 1.000, 'pc'),
(1244, 'DR39', '16oz', 'CL12', 1.000, 'pc'),
(1245, 'DR39', '22oz', 'CL12', 1.000, 'pc'),
(1246, 'DR40', '16oz', 'CL12', 1.000, 'pc'),
(1247, 'DR40', '22oz', 'CL12', 1.000, 'pc'),
(1248, 'DR41', '16oz', 'CL12', 1.000, 'pc'),
(1249, 'DR41', '22oz', 'CL12', 1.000, 'pc'),
(1250, 'DR42', '16oz', 'CL12', 1.000, 'pc'),
(1251, 'DR42', '22oz', 'CL12', 1.000, 'pc'),
(1252, 'DR43', '16oz', 'CL12', 1.000, 'pc'),
(1253, 'DR43', '22oz', 'CL12', 1.000, 'pc'),
(1254, 'DR44', '16oz', 'CL12', 1.000, 'pc'),
(1255, 'DR44', '22oz', 'CL12', 1.000, 'pc'),
(1256, 'DR45', '16oz', 'CL12', 1.000, 'pc'),
(1257, 'DR45', '22oz', 'CL12', 1.000, 'pc'),
(1258, 'DR46', '16oz', 'CL12', 1.000, 'pc'),
(1259, 'DR46', '22oz', 'CL12', 1.000, 'pc'),
(1260, 'DR47', '16oz', 'CL12', 1.000, 'pc'),
(1261, 'DR47', '22oz', 'CL12', 1.000, 'pc'),
(1262, 'DR48', '16oz', 'CL12', 1.000, 'pc'),
(1263, 'DR48', '22oz', 'CL12', 1.000, 'pc'),
(1264, 'DR49', '16oz', 'CL12', 1.000, 'pc'),
(1265, 'DR49', '22oz', 'CL12', 1.000, 'pc'),
(1266, 'DR50', '16oz', 'CL12', 1.000, 'pc'),
(1267, 'DR50', '22oz', 'CL12', 1.000, 'pc'),
(1268, 'DR50', '1L', 'CL12', 1.000, 'pc'),
(1269, 'DR51', '16oz', 'CL12', 1.000, 'pc'),
(1270, 'DR51', '22oz', 'CL12', 1.000, 'pc'),
(1271, 'DR51', '1L', 'CL12', 1.000, 'pc'),
(1272, 'DR52', '16oz', 'CL12', 1.000, 'pc'),
(1273, 'DR52', '22oz', 'CL12', 1.000, 'pc'),
(1274, 'DR52', '1L', 'CL12', 1.000, 'pc'),
(1275, 'DR53', '16oz', 'CL12', 1.000, 'pc'),
(1276, 'DR53', '22oz', 'CL12', 1.000, 'pc'),
(1277, 'DR53', '1L', 'CL12', 1.000, 'pc'),
(1278, 'DR54', '16oz', 'CL12', 1.000, 'pc'),
(1279, 'DR54', '22oz', 'CL12', 1.000, 'pc'),
(1280, 'DR54', '1L', 'CL12', 1.000, 'pc'),
(1281, 'DR55', '16oz', 'CL12', 1.000, 'pc'),
(1282, 'DR55', '22oz', 'CL12', 1.000, 'pc'),
(1283, 'DR55', '1L', 'CL12', 1.000, 'pc'),
(1284, 'DR56', '16oz', 'CL12', 1.000, 'pc'),
(1285, 'DR56', '22oz', 'CL12', 1.000, 'pc'),
(1286, 'DR56', '1L', 'CL12', 1.000, 'pc'),
(1287, 'DR57', '16oz', 'CL12', 1.000, 'pc'),
(1288, 'DR57', '22oz', 'CL12', 1.000, 'pc'),
(1289, 'DR57', '1L', 'CL12', 1.000, 'pc'),
(1290, 'DR58', '16oz', 'CL12', 1.000, 'pc'),
(1291, 'DR58', '22oz', 'CL12', 1.000, 'pc'),
(1292, 'DR58', '1L', 'CL12', 1.000, 'pc'),
(1293, 'DR59', '16oz', 'CL12', 1.000, 'pc'),
(1294, 'DR59', '22oz', 'CL12', 1.000, 'pc'),
(1295, 'DR59', '1L', 'CL12', 1.000, 'pc'),
(1296, 'DR60', '16oz', 'CL12', 1.000, 'pc'),
(1297, 'DR60', '22oz', 'CL12', 1.000, 'pc'),
(1298, 'DR60', '1L', 'CL12', 1.000, 'pc'),
(1299, 'DR01', '16oz', 'BI09', 50.000, 'ml'),
(1300, 'DR01', '22oz', 'BI09', 70.000, 'ml'),
(1301, 'DR02', '16oz', 'BI09', 50.000, 'ml'),
(1302, 'DR02', '22oz', 'BI09', 70.000, 'ml'),
(1303, 'DR03', '16oz', 'BI09', 50.000, 'ml'),
(1304, 'DR03', '22oz', 'BI09', 70.000, 'ml'),
(1305, 'DR04', '16oz', 'BI09', 50.000, 'ml'),
(1306, 'DR04', '22oz', 'BI09', 70.000, 'ml'),
(1307, 'DR41', '16oz', 'BI09', 100.000, 'ml'),
(1308, 'DR41', '22oz', 'BI09', 150.000, 'ml'),
(1309, 'DR42', '16oz', 'BI09', 100.000, 'ml'),
(1310, 'DR42', '22oz', 'BI09', 150.000, 'ml'),
(1311, 'DR43', '16oz', 'BI09', 100.000, 'ml'),
(1312, 'DR43', '22oz', 'BI09', 150.000, 'ml'),
(1313, 'DR44', '16oz', 'BI09', 100.000, 'ml'),
(1314, 'DR44', '22oz', 'BI09', 150.000, 'ml'),
(1315, 'DR45', '16oz', 'BI09', 100.000, 'ml'),
(1316, 'DR45', '22oz', 'BI09', 150.000, 'ml'),
(1317, 'DR01', '16oz', 'BI10', 150.000, 'g'),
(1318, 'DR01', '22oz', 'BI10', 200.000, 'g'),
(1319, 'DR02', '16oz', 'BI10', 150.000, 'g'),
(1320, 'DR02', '22oz', 'BI10', 200.000, 'g'),
(1321, 'DR03', '16oz', 'BI10', 150.000, 'g'),
(1322, 'DR03', '22oz', 'BI10', 200.000, 'g'),
(1323, 'DR04', '16oz', 'BI10', 150.000, 'g'),
(1324, 'DR04', '22oz', 'BI10', 200.000, 'g'),
(1325, 'DR25', '16oz', 'BI10', 200.000, 'g'),
(1326, 'DR25', '22oz', 'BI10', 250.000, 'g'),
(1327, 'DR25', '1L', 'BI10', 400.000, 'g'),
(1328, 'DR26', '16oz', 'BI10', 200.000, 'g'),
(1329, 'DR26', '22oz', 'BI10', 250.000, 'g'),
(1330, 'DR26', '1L', 'BI10', 400.000, 'g'),
(1331, 'DR41', '16oz', 'BI10', 200.000, 'g'),
(1332, 'DR41', '22oz', 'BI10', 250.000, 'g'),
(1333, 'DR46', '16oz', 'BI10', 200.000, 'g'),
(1334, 'DR46', '22oz', 'BI10', 250.000, 'g'),
(1335, 'DR64', '12oz', 'BI11', 250.000, 'ml'),
(1336, 'DR65', '12oz', 'BI11', 250.000, 'ml'),
(1337, 'DR66', '12oz', 'BI11', 250.000, 'ml'),
(1338, 'DR67', '12oz', 'BI11', 250.000, 'ml'),
(1339, 'DR68', '12oz', 'BI11', 250.000, 'ml'),
(1340, 'DR69', '12oz', 'BI11', 250.000, 'ml'),
(1341, 'DR70', '12oz', 'BI11', 250.000, 'ml'),
(1342, 'DR71', '12oz', 'BI11', 250.000, 'ml'),
(1343, 'DR35', '16oz', 'BI12', 200.000, 'g'),
(1344, 'DR35', '22oz', 'BI12', 250.000, 'g'),
(1345, 'DR35', '1L', 'BI12', 400.000, 'g'),
(1346, 'DR36', '16oz', 'BI12', 200.000, 'g'),
(1347, 'DR36', '22oz', 'BI12', 250.000, 'g'),
(1348, 'DR36', '1L', 'BI12', 400.000, 'g'),
(1349, 'DR37', '16oz', 'BI12', 200.000, 'g'),
(1350, 'DR37', '22oz', 'BI12', 250.000, 'g'),
(1351, 'DR37', '1L', 'BI12', 400.000, 'g'),
(1352, 'DR50', '16oz', 'BI12', 200.000, 'g'),
(1353, 'DR50', '22oz', 'BI12', 250.000, 'g'),
(1354, 'DR50', '1L', 'BI12', 400.000, 'g'),
(1355, 'DR51', '16oz', 'BI12', 200.000, 'g'),
(1356, 'DR51', '22oz', 'BI12', 250.000, 'g'),
(1357, 'DR51', '1L', 'BI12', 400.000, 'g'),
(1358, 'DR52', '16oz', 'BI12', 200.000, 'g'),
(1359, 'DR52', '22oz', 'BI12', 250.000, 'g'),
(1360, 'DR52', '1L', 'BI12', 400.000, 'g'),
(1361, 'DR53', '16oz', 'BI12', 200.000, 'g'),
(1362, 'DR53', '22oz', 'BI12', 250.000, 'g'),
(1363, 'DR53', '1L', 'BI12', 400.000, 'g'),
(1364, 'DR54', '16oz', 'BI12', 200.000, 'g'),
(1365, 'DR54', '22oz', 'BI12', 250.000, 'g'),
(1366, 'DR54', '1L', 'BI12', 400.000, 'g'),
(1367, 'DR55', '16oz', 'BI12', 200.000, 'g'),
(1368, 'DR55', '22oz', 'BI12', 250.000, 'g'),
(1369, 'DR55', '1L', 'BI12', 400.000, 'g'),
(1370, 'DR56', '16oz', 'BI12', 200.000, 'g'),
(1371, 'DR56', '22oz', 'BI12', 250.000, 'g'),
(1372, 'DR56', '1L', 'BI12', 400.000, 'g'),
(1373, 'DR57', '16oz', 'BI12', 200.000, 'g'),
(1374, 'DR57', '22oz', 'BI12', 250.000, 'g'),
(1375, 'DR57', '1L', 'BI12', 400.000, 'g'),
(1376, 'DR58', '16oz', 'BI12', 200.000, 'g'),
(1377, 'DR58', '22oz', 'BI12', 250.000, 'g'),
(1378, 'DR58', '1L', 'BI12', 400.000, 'g'),
(1379, 'DR59', '16oz', 'BI12', 200.000, 'g'),
(1380, 'DR59', '22oz', 'BI12', 250.000, 'g'),
(1381, 'DR59', '1L', 'BI12', 400.000, 'g'),
(1382, 'DR60', '16oz', 'BI12', 200.000, 'g'),
(1383, 'DR60', '22oz', 'BI12', 250.000, 'g'),
(1384, 'DR60', '1L', 'BI12', 400.000, 'g');

-- --------------------------------------------------------

--
-- Table structure for table `sales`
--

CREATE TABLE `sales` (
  `id` int(11) NOT NULL,
  `product_id` varchar(10) NOT NULL,
  `size` varchar(10) DEFAULT NULL,
  `quantity` int(11) NOT NULL,
  `total_amount` decimal(10,2) NOT NULL,
  `sale_date` datetime NOT NULL,
  `staff_id` int(11) DEFAULT NULL,
  `cogs` decimal(10,2) NOT NULL DEFAULT 0.00 COMMENT 'Cost of Goods Sold for this transaction',
  `net_profit` decimal(10,2) NOT NULL DEFAULT 0.00 COMMENT 'Net profit for this transaction'
) ENGINE=InnoDB DEFAULT CHARSET=utf8mb4 COLLATE=utf8mb4_general_ci;

--
-- Dumping data for table `sales`
--

INSERT INTO `sales` (`id`, `product_id`, `size`, `quantity`, `total_amount`, `sale_date`, `staff_id`, `cogs`, `net_profit`) VALUES
(47, 'DR07', '16oz', 2, 220.00, '2025-11-21 02:43:34', 19, 144.20, 0.00),
(49, 'DR71', '12oz', 1, 110.00, '2025-11-21 02:57:42', 19, 28.84, 0.00);

-- --------------------------------------------------------

--
-- Table structure for table `sale_cogs_breakdown`
--

CREATE TABLE `sale_cogs_breakdown` (
  `id` int(11) NOT NULL,
  `sale_id` int(11) NOT NULL,
  `ingredient_product_id` varchar(20) NOT NULL,
  `quantity_used` decimal(10,2) NOT NULL,
  `cost_at_time_of_sale` decimal(10,2) NOT NULL
) ENGINE=InnoDB DEFAULT CHARSET=utf8mb4 COLLATE=utf8mb4_general_ci;

--
-- Dumping data for table `sale_cogs_breakdown`
--

INSERT INTO `sale_cogs_breakdown` (`id`, `sale_id`, `ingredient_product_id`, `quantity_used`, `cost_at_time_of_sale`) VALUES
(272, 47, 'BI07', 300.00, 100.00),
(273, 47, 'PW01', 10.00, 3.00),
(274, 47, 'BI03', 20.00, 3.20),
(275, 47, 'BI06', 60.00, 12.00),
(276, 47, 'BI04', 20.00, 4.00),
(277, 47, 'CL03', 2.00, 10.00),
(278, 47, 'CL10', 2.00, 6.00),
(279, 47, 'CL11', 2.00, 6.00),
(285, 49, 'BI01', 10.00, 3.60),
(286, 49, 'SY08', 40.00, 17.14),
(287, 49, 'BI03', 10.00, 1.60),
(288, 49, 'BI06', 20.00, 4.00),
(289, 49, 'BI11', 250.00, 2.50);

-- --------------------------------------------------------

--
-- Table structure for table `staff`
--

CREATE TABLE `staff` (
  `id` int(11) NOT NULL,
  `name` varchar(100) NOT NULL,
  `username` varchar(50) NOT NULL,
  `password` varchar(255) NOT NULL,
  `role` varchar(50) NOT NULL,
  `status` varchar(20) NOT NULL
) ENGINE=InnoDB DEFAULT CHARSET=utf8mb4 COLLATE=utf8mb4_general_ci;

--
-- Dumping data for table `staff`
--

INSERT INTO `staff` (`id`, `name`, `username`, `password`, `role`, `status`) VALUES
(14, 'Aaron Sean Perez', 'biggerbrew8@gmail.com', '$2y$10$bHFmNA8F.pAX4SDj7rldJeO.eb0doOB11E4ObKCUU/YqRpaFVewMS', 'Admin', 'Active'),
(15, 'Kierance Perez', 'kier@gmail.com', '$2y$10$HQ0RrYYaZswZnWm9O34cl.zOl1dEiZgLTIxIn/dsCnXNq3qpBSmiq', 'Staff', 'Inactive'),
(19, 'Sample Staff1', 'paaronsean@gmail.com', '$2y$10$rl4yFBO402uURxI/xgolUe4xOQ87ize0tl9DV8Yx5Nfv.u90YA5fq', 'Staff', 'Active'),
(23, 'Justine Pierce', 'jvintia5049qc@student.fatima.edu.ph', '$2y$10$R.PY0FpebsEUO7wpYVnzX.H4gRTKNo87UE4wlejiEdMTrHZl3uqMC', 'Admin', 'Active');

-- --------------------------------------------------------

--
-- Table structure for table `suppliers`
--

CREATE TABLE `suppliers` (
  `id` int(11) NOT NULL,
  `company_name` varchar(255) NOT NULL,
  `contact_person` varchar(255) DEFAULT NULL,
  `email` varchar(255) DEFAULT NULL,
  `phone` varchar(50) DEFAULT NULL,
  `address` text DEFAULT NULL,
  `restock_schedule` text DEFAULT NULL,
  `last_received_date` date DEFAULT NULL,
  `last_delivery_log_id` int(11) DEFAULT NULL,
  `created_at` timestamp NOT NULL DEFAULT current_timestamp()
) ENGINE=InnoDB DEFAULT CHARSET=utf8mb4 COLLATE=utf8mb4_general_ci;

--
-- Dumping data for table `suppliers`
--

INSERT INTO `suppliers` (`id`, `company_name`, `contact_person`, `email`, `phone`, `address`, `restock_schedule`, `last_received_date`, `last_delivery_log_id`, `created_at`) VALUES
(13, 'Sample', 'Sample Name', 'sample@gmail.com', '09121234566', 'south caloocan', '2025-12-04', NULL, NULL, '2025-11-07 18:30:32');

-- --------------------------------------------------------

--
-- Table structure for table `supplier_products`
--

CREATE TABLE `supplier_products` (
  `supplier_id` int(11) NOT NULL,
  `product_id` varchar(10) NOT NULL,
  `default_quantity` int(11) NOT NULL DEFAULT 1
) ENGINE=InnoDB DEFAULT CHARSET=utf8mb4 COLLATE=utf8mb4_general_ci;

--
-- Dumping data for table `supplier_products`
--

INSERT INTO `supplier_products` (`supplier_id`, `product_id`, `default_quantity`) VALUES
(13, 'BI07', 1);

-- --------------------------------------------------------

--
-- Table structure for table `waste`
--

CREATE TABLE `waste` (
  `id` int(11) NOT NULL,
  `product_id` varchar(10) NOT NULL,
  `size` varchar(10) DEFAULT NULL,
  `quantity` int(11) NOT NULL,
  `reason` varchar(255) DEFAULT NULL,
  `waste_date` datetime NOT NULL,
  `staff_id` int(11) DEFAULT NULL,
  `waste_cost` decimal(10,2) DEFAULT 0.00
) ENGINE=InnoDB DEFAULT CHARSET=utf8mb4 COLLATE=utf8mb4_general_ci;

--
-- Dumping data for table `waste`
--

INSERT INTO `waste` (`id`, `product_id`, `size`, `quantity`, `reason`, `waste_date`, `staff_id`, `waste_cost`) VALUES
(30, 'DR07', '16oz', 2, 'Other', '2025-11-21 02:43:46', 19, 220.00),
(31, 'PW15', NULL, 5, 'Spilled', '2025-11-21 02:58:42', 19, 1.50);

--
-- Indexes for dumped tables
--

--
-- Indexes for table `customers`
--
ALTER TABLE `customers`
  ADD PRIMARY KEY (`id`);

--
-- Indexes for table `delivery_logs`
--
ALTER TABLE `delivery_logs`
  ADD PRIMARY KEY (`id`),
  ADD KEY `supplier_id` (`supplier_id`),
  ADD KEY `product_id` (`product_id`);

--
-- Indexes for table `menu_product`
--
ALTER TABLE `menu_product`
  ADD PRIMARY KEY (`product_id`);

--
-- Indexes for table `products`
--
ALTER TABLE `products`
  ADD PRIMARY KEY (`id`);

--
-- Indexes for table `product_recipes`
--
ALTER TABLE `product_recipes`
  ADD PRIMARY KEY (`id`),
  ADD KEY `drink_product_id` (`drink_product_id`),
  ADD KEY `product_recipes_ibfk_2` (`ingredient_product_id`);

--
-- Indexes for table `sales`
--
ALTER TABLE `sales`
  ADD PRIMARY KEY (`id`);

--
-- Indexes for table `sale_cogs_breakdown`
--
ALTER TABLE `sale_cogs_breakdown`
  ADD PRIMARY KEY (`id`),
  ADD KEY `sale_id` (`sale_id`);

--
-- Indexes for table `staff`
--
ALTER TABLE `staff`
  ADD PRIMARY KEY (`id`),
  ADD UNIQUE KEY `username` (`username`);

--
-- Indexes for table `suppliers`
--
ALTER TABLE `suppliers`
  ADD PRIMARY KEY (`id`);

--
-- Indexes for table `supplier_products`
--
ALTER TABLE `supplier_products`
  ADD PRIMARY KEY (`supplier_id`,`product_id`),
  ADD KEY `product_id` (`product_id`);

--
-- Indexes for table `waste`
--
ALTER TABLE `waste`
  ADD PRIMARY KEY (`id`);

--
-- AUTO_INCREMENT for dumped tables
--

--
-- AUTO_INCREMENT for table `customers`
--
ALTER TABLE `customers`
  MODIFY `id` int(11) NOT NULL AUTO_INCREMENT;

--
-- AUTO_INCREMENT for table `delivery_logs`
--
ALTER TABLE `delivery_logs`
  MODIFY `id` int(11) NOT NULL AUTO_INCREMENT, AUTO_INCREMENT=27;

--
-- AUTO_INCREMENT for table `product_recipes`
--
ALTER TABLE `product_recipes`
  MODIFY `id` int(11) NOT NULL AUTO_INCREMENT, AUTO_INCREMENT=1387;

--
-- AUTO_INCREMENT for table `sales`
--
ALTER TABLE `sales`
  MODIFY `id` int(11) NOT NULL AUTO_INCREMENT, AUTO_INCREMENT=55;

--
-- AUTO_INCREMENT for table `sale_cogs_breakdown`
--
ALTER TABLE `sale_cogs_breakdown`
  MODIFY `id` int(11) NOT NULL AUTO_INCREMENT, AUTO_INCREMENT=330;

--
-- AUTO_INCREMENT for table `staff`
--
ALTER TABLE `staff`
  MODIFY `id` int(11) NOT NULL AUTO_INCREMENT, AUTO_INCREMENT=24;

--
-- AUTO_INCREMENT for table `suppliers`
--
ALTER TABLE `suppliers`
  MODIFY `id` int(11) NOT NULL AUTO_INCREMENT, AUTO_INCREMENT=15;

--
-- AUTO_INCREMENT for table `waste`
--
ALTER TABLE `waste`
  MODIFY `id` int(11) NOT NULL AUTO_INCREMENT, AUTO_INCREMENT=33;

--
-- Constraints for dumped tables
--

--
-- Constraints for table `product_recipes`
--
ALTER TABLE `product_recipes`
  ADD CONSTRAINT `product_recipes_ibfk_1` FOREIGN KEY (`drink_product_id`) REFERENCES `menu_product` (`product_id`) ON DELETE CASCADE,
  ADD CONSTRAINT `product_recipes_ibfk_2` FOREIGN KEY (`ingredient_product_id`) REFERENCES `products` (`id`) ON DELETE CASCADE;

--
-- Constraints for table `sale_cogs_breakdown`
--
ALTER TABLE `sale_cogs_breakdown`
  ADD CONSTRAINT `fk_sale_cogs_sale_id` FOREIGN KEY (`sale_id`) REFERENCES `sales` (`id`) ON DELETE CASCADE;

--
-- Constraints for table `supplier_products`
--
ALTER TABLE `supplier_products`
  ADD CONSTRAINT `fk_supplier_products_product` FOREIGN KEY (`product_id`) REFERENCES `products` (`id`) ON DELETE CASCADE,
  ADD CONSTRAINT `fk_supplier_products_supplier` FOREIGN KEY (`supplier_id`) REFERENCES `suppliers` (`id`) ON DELETE CASCADE;
COMMIT;

/*!40101 SET CHARACTER_SET_CLIENT=@OLD_CHARACTER_SET_CLIENT */;
/*!40101 SET CHARACTER_SET_RESULTS=@OLD_CHARACTER_SET_RESULTS */;
/*!40101 SET COLLATION_CONNECTION=@OLD_COLLATION_CONNECTION */;
